"TIME","GEO","INDIC_AG","UNIT","Value"
"2007","European Union (EU6-1958, EU9-1973, EU10-1981, EU12-1986, EU15-1995, EU25-2004, EU27-2007, EU28-2013, EU27-2020)","High-input farms","Hectare","50 060 821"
"2007","European Union (EU6-1958, EU9-1973, EU10-1981, EU12-1986, EU15-1995, EU25-2004, EU27-2007, EU28-2013, EU27-2020)","Low-input farms","Hectare","55 796 454"
"2007","European Union (EU6-1958, EU9-1973, EU10-1981, EU12-1986, EU15-1995, EU25-2004, EU27-2007, EU28-2013, EU27-2020)","Medium-input farms","Hectare","50 001 956"
"2007","Belgium","High-input farms","Hectare","1 071 525"
"2007","Belgium","Low-input farms","Hectare","73 196"
"2007","Belgium","Medium-input farms","Hectare","294 779"
"2007","Bulgaria","High-input farms","Hectare","220 197"
"2007","Bulgaria","Low-input farms","Hectare","2 569 548"
"2007","Bulgaria","Medium-input farms","Hectare","350 167"
"2007","Czechia","High-input farms","Hectare","645 580"
"2007","Czechia","Low-input farms","Hectare","1 144 302"
"2007","Czechia","Medium-input farms","Hectare","1 706 658"
"2007","Denmark","High-input farms","Hectare","1 671 412"
"2007","Denmark","Low-input farms","Hectare","258 755"
"2007","Denmark","Medium-input farms","Hectare","722 386"
"2007","Germany (until 1990 former territory of the FRG)","High-input farms","Hectare","10 226 722"
"2007","Germany (until 1990 former territory of the FRG)","Low-input farms","Hectare","1 662 587"
"2007","Germany (until 1990 former territory of the FRG)","Medium-input farms","Hectare","3 829 360"
"2007","Estonia","High-input farms","Hectare","34 797"
"2007","Estonia","Low-input farms","Hectare","459 042"
"2007","Estonia","Medium-input farms","Hectare","367 454"
"2007","Ireland","High-input farms","Hectare","1 302 267"
"2007","Ireland","Low-input farms","Hectare","1 963 600"
"2007","Ireland","Medium-input farms","Hectare","1 543 879"
"2007","Greece","High-input farms","Hectare","934 028"
"2007","Greece","Low-input farms","Hectare","866 420"
"2007","Greece","Medium-input farms","Hectare","1 142 370"
"2007","Spain","High-input farms","Hectare","2 637 195"
"2007","Spain","Low-input farms","Hectare","13 598 635"
"2007","Spain","Medium-input farms","Hectare","3 884 695"
"2007","France","High-input farms","Hectare","10 235 815"
"2007","France","Low-input farms","Hectare","3 452 876"
"2007","France","Medium-input farms","Hectare","11 918 052"
"2007","Croatia","High-input farms","Hectare",":"
"2007","Croatia","Low-input farms","Hectare",":"
"2007","Croatia","Medium-input farms","Hectare",":"
"2007","Italy","High-input farms","Hectare","3 252 367"
"2007","Italy","Low-input farms","Hectare","5 858 034"
"2007","Italy","Medium-input farms","Hectare","3 431 825"
"2007","Cyprus","High-input farms","Hectare","38 010"
"2007","Cyprus","Low-input farms","Hectare","41 205"
"2007","Cyprus","Medium-input farms","Hectare","15 140"
"2007","Latvia","High-input farms","Hectare","71 432"
"2007","Latvia","Low-input farms","Hectare","1 009 420"
"2007","Latvia","Medium-input farms","Hectare","333 083"
"2007","Lithuania","High-input farms","Hectare","76 475"
"2007","Lithuania","Low-input farms","Hectare","1 537 274"
"2007","Lithuania","Medium-input farms","Hectare","639 976"
"2007","Luxembourg","High-input farms","Hectare","60 380"
"2007","Luxembourg","Low-input farms","Hectare","13 542"
"2007","Luxembourg","Medium-input farms","Hectare","47 612"
"2007","Hungary","High-input farms","Hectare","649 465"
"2007","Hungary","Low-input farms","Hectare","2 082 809"
"2007","Hungary","Medium-input farms","Hectare","2 457 660"
"2007","Malta","High-input farms","Hectare","4 765"
"2007","Malta","Low-input farms","Hectare","868"
"2007","Malta","Medium-input farms","Hectare","2 600"
"2007","Netherlands","High-input farms","Hectare","1 410 356"
"2007","Netherlands","Low-input farms","Hectare","149 555"
"2007","Netherlands","Medium-input farms","Hectare","254 243"
"2007","Austria","High-input farms","Hectare","677 500"
"2007","Austria","Low-input farms","Hectare","1 247 604"
"2007","Austria","Medium-input farms","Hectare","879 246"
"2007","Poland","High-input farms","Hectare","4 922 417"
"2007","Poland","Low-input farms","Hectare","3 120 427"
"2007","Poland","Medium-input farms","Hectare","5 430 127"
"2007","Portugal","High-input farms","Hectare","326 623"
"2007","Portugal","Low-input farms","Hectare","1 933 354"
"2007","Portugal","Medium-input farms","Hectare","258 369"
"2007","Romania","High-input farms","Hectare","1 705 767"
"2007","Romania","Low-input farms","Hectare","4 681 454"
"2007","Romania","Medium-input farms","Hectare","4 179 992"
"2007","Slovenia","High-input farms","Hectare","137 174"
"2007","Slovenia","Low-input farms","Hectare","174 701"
"2007","Slovenia","Medium-input farms","Hectare","121 095"
"2007","Slovakia","High-input farms","Hectare","22 533"
"2007","Slovakia","Low-input farms","Hectare","1 449 776"
"2007","Slovakia","Medium-input farms","Hectare","686 812"
"2007","Finland","High-input farms","Hectare","722 185"
"2007","Finland","Low-input farms","Hectare","666 752"
"2007","Finland","Medium-input farms","Hectare","773 579"
"2007","Sweden","High-input farms","Hectare","905 839"
"2007","Sweden","Low-input farms","Hectare","916 588"
"2007","Sweden","Medium-input farms","Hectare","876 421"
"2007","United Kingdom","High-input farms","Hectare","6 097 994"
"2007","United Kingdom","Low-input farms","Hectare","4 864 129"
"2007","United Kingdom","Medium-input farms","Hectare","3 854 376"
"2008","European Union (EU6-1958, EU9-1973, EU10-1981, EU12-1986, EU15-1995, EU25-2004, EU27-2007, EU28-2013, EU27-2020)","High-input farms","Hectare","46 594 447"
"2008","European Union (EU6-1958, EU9-1973, EU10-1981, EU12-1986, EU15-1995, EU25-2004, EU27-2007, EU28-2013, EU27-2020)","Low-input farms","Hectare","62 371 579"
"2008","European Union (EU6-1958, EU9-1973, EU10-1981, EU12-1986, EU15-1995, EU25-2004, EU27-2007, EU28-2013, EU27-2020)","Medium-input farms","Hectare","48 061 970"
"2008","Belgium","High-input farms","Hectare","1 071 690"
"2008","Belgium","Low-input farms","Hectare","80 670"
"2008","Belgium","Medium-input farms","Hectare","316 765"
"2008","Bulgaria","High-input farms","Hectare","189 411"
"2008","Bulgaria","Low-input farms","Hectare","2 800 250"
"2008","Bulgaria","Medium-input farms","Hectare","376 901"
"2008","Czechia","High-input farms","Hectare","810 272"
"2008","Czechia","Low-input farms","Hectare","1 082 057"
"2008","Czechia","Medium-input farms","Hectare","1 645 989"
"2008","Denmark","High-input farms","Hectare","1 625 109"
"2008","Denmark","Low-input farms","Hectare","353 665"
"2008","Denmark","Medium-input farms","Hectare","667 841"
"2008","Germany (until 1990 former territory of the FRG)","High-input farms","Hectare","10 061 309"
"2008","Germany (until 1990 former territory of the FRG)","Low-input farms","Hectare","1 700 221"
"2008","Germany (until 1990 former territory of the FRG)","Medium-input farms","Hectare","3 916 188"
"2008","Estonia","High-input farms","Hectare","12 382"
"2008","Estonia","Low-input farms","Hectare","620 901"
"2008","Estonia","Medium-input farms","Hectare","257 334"
"2008","Ireland","High-input farms","Hectare","1 288 476"
"2008","Ireland","Low-input farms","Hectare","1 976 763"
"2008","Ireland","Medium-input farms","Hectare","1 543 508"
"2008","Greece","High-input farms","Hectare","1 102 457"
"2008","Greece","Low-input farms","Hectare","769 450"
"2008","Greece","Medium-input farms","Hectare","1 083 366"
"2008","Spain","High-input farms","Hectare","3 126 684"
"2008","Spain","Low-input farms","Hectare","13 031 486"
"2008","Spain","Medium-input farms","Hectare","3 969 018"
"2008","France","High-input farms","Hectare","10 748 565"
"2008","France","Low-input farms","Hectare","3 621 734"
"2008","France","Medium-input farms","Hectare","11 275 529"
"2008","Croatia","High-input farms","Hectare",":"
"2008","Croatia","Low-input farms","Hectare",":"
"2008","Croatia","Medium-input farms","Hectare",":"
"2008","Italy","High-input farms","Hectare","2 621 100"
"2008","Italy","Low-input farms","Hectare","6 199 442"
"2008","Italy","Medium-input farms","Hectare","3 300 023"
"2008","Cyprus","High-input farms","Hectare","44 819"
"2008","Cyprus","Low-input farms","Hectare","37 897"
"2008","Cyprus","Medium-input farms","Hectare","17 484"
"2008","Latvia","High-input farms","Hectare","103 594"
"2008","Latvia","Low-input farms","Hectare","988 678"
"2008","Latvia","Medium-input farms","Hectare","300 564"
"2008","Lithuania","High-input farms","Hectare","89 791"
"2008","Lithuania","Low-input farms","Hectare","1 580 492"
"2008","Lithuania","Medium-input farms","Hectare","559 615"
"2008","Luxembourg","High-input farms","Hectare","55 024"
"2008","Luxembourg","Low-input farms","Hectare","13 565"
"2008","Luxembourg","Medium-input farms","Hectare","47 955"
"2008","Hungary","High-input farms","Hectare","735 516"
"2008","Hungary","Low-input farms","Hectare","2 299 882"
"2008","Hungary","Medium-input farms","Hectare","2 249 020"
"2008","Malta","High-input farms","Hectare","5 729"
"2008","Malta","Low-input farms","Hectare","1 208"
"2008","Malta","Medium-input farms","Hectare","1 000"
"2008","Netherlands","High-input farms","Hectare","1 472 029"
"2008","Netherlands","Low-input farms","Hectare","134 926"
"2008","Netherlands","Medium-input farms","Hectare","212 650"
"2008","Austria","High-input farms","Hectare","729 300"
"2008","Austria","Low-input farms","Hectare","1 220 702"
"2008","Austria","Medium-input farms","Hectare","844 873"
"2008","Poland","High-input farms","Hectare","4 204 145"
"2008","Poland","Low-input farms","Hectare","4 377 351"
"2008","Poland","Medium-input farms","Hectare","5 839 623"
"2008","Portugal","High-input farms","Hectare","336 576"
"2008","Portugal","Low-input farms","Hectare","1 943 656"
"2008","Portugal","Medium-input farms","Hectare","282 651"
"2008","Romania","High-input farms","Hectare","683 647"
"2008","Romania","Low-input farms","Hectare","7 928 551"
"2008","Romania","Medium-input farms","Hectare","2 384 183"
"2008","Slovenia","High-input farms","Hectare","128 768"
"2008","Slovenia","Low-input farms","Hectare","192 956"
"2008","Slovenia","Medium-input farms","Hectare","123 710"
"2008","Slovakia","High-input farms","Hectare","75 299"
"2008","Slovakia","Low-input farms","Hectare","1 314 199"
"2008","Slovakia","Medium-input farms","Hectare","774 497"
"2008","Finland","High-input farms","Hectare","681 015"
"2008","Finland","Low-input farms","Hectare","1 009 118"
"2008","Finland","Medium-input farms","Hectare","457 891"
"2008","Sweden","High-input farms","Hectare","911 908"
"2008","Sweden","Low-input farms","Hectare","1 020 731"
"2008","Sweden","Medium-input farms","Hectare","765 414"
"2008","United Kingdom","High-input farms","Hectare","3 679 831"
"2008","United Kingdom","Low-input farms","Hectare","6 071 025"
"2008","United Kingdom","Medium-input farms","Hectare","4 848 380"
"2009","European Union (EU6-1958, EU9-1973, EU10-1981, EU12-1986, EU15-1995, EU25-2004, EU27-2007, EU28-2013, EU27-2020)","High-input farms","Hectare","47 352 674"
"2009","European Union (EU6-1958, EU9-1973, EU10-1981, EU12-1986, EU15-1995, EU25-2004, EU27-2007, EU28-2013, EU27-2020)","Low-input farms","Hectare","60 530 428"
"2009","European Union (EU6-1958, EU9-1973, EU10-1981, EU12-1986, EU15-1995, EU25-2004, EU27-2007, EU28-2013, EU27-2020)","Medium-input farms","Hectare","47 942 031"
"2009","Belgium","High-input farms","Hectare","1 046 004"
"2009","Belgium","Low-input farms","Hectare","85 021"
"2009","Belgium","Medium-input farms","Hectare","327 814"
"2009","Bulgaria","High-input farms","Hectare","164 634"
"2009","Bulgaria","Low-input farms","Hectare","2 868 875"
"2009","Bulgaria","Medium-input farms","Hectare","703 055"
"2009","Czechia","High-input farms","Hectare","484 412"
"2009","Czechia","Low-input farms","Hectare","1 087 785"
"2009","Czechia","Medium-input farms","Hectare","1 786 810"
"2009","Denmark","High-input farms","Hectare","1 683 610"
"2009","Denmark","Low-input farms","Hectare","235 939"
"2009","Denmark","Medium-input farms","Hectare","705 004"
"2009","Germany (until 1990 former territory of the FRG)","High-input farms","Hectare","9 205 266"
"2009","Germany (until 1990 former territory of the FRG)","Low-input farms","Hectare","2 024 042"
"2009","Germany (until 1990 former territory of the FRG)","Medium-input farms","Hectare","5 161 505"
"2009","Estonia","High-input farms","Hectare","18 234"
"2009","Estonia","Low-input farms","Hectare","592 848"
"2009","Estonia","Medium-input farms","Hectare","318 038"
"2009","Ireland","High-input farms","Hectare","1 481 046"
"2009","Ireland","Low-input farms","Hectare","1 599 644"
"2009","Ireland","Medium-input farms","Hectare","1 464 055"
"2009","Greece","High-input farms","Hectare","1 023 557"
"2009","Greece","Low-input farms","Hectare","599 988"
"2009","Greece","Medium-input farms","Hectare","1 037 062"
"2009","Spain","High-input farms","Hectare","3 262 023"
"2009","Spain","Low-input farms","Hectare","12 066 576"
"2009","Spain","Medium-input farms","Hectare","4 025 507"
"2009","France","High-input farms","Hectare","11 672 706"
"2009","France","Low-input farms","Hectare","3 712 622"
"2009","France","Medium-input farms","Hectare","10 102 695"
"2009","Croatia","High-input farms","Hectare",":"
"2009","Croatia","Low-input farms","Hectare",":"
"2009","Croatia","Medium-input farms","Hectare",":"
"2009","Italy","High-input farms","Hectare","3 016 548"
"2009","Italy","Low-input farms","Hectare","6 126 290"
"2009","Italy","Medium-input farms","Hectare","3 451 808"
"2009","Cyprus","High-input farms","Hectare","46 619"
"2009","Cyprus","Low-input farms","Hectare","23 576"
"2009","Cyprus","Medium-input farms","Hectare","33 117"
"2009","Latvia","High-input farms","Hectare","109 787"
"2009","Latvia","Low-input farms","Hectare","1 158 582"
"2009","Latvia","Medium-input farms","Hectare","345 502"
"2009","Lithuania","High-input farms","Hectare","219 494"
"2009","Lithuania","Low-input farms","Hectare","1 649 264"
"2009","Lithuania","Medium-input farms","Hectare","612 259"
"2009","Luxembourg","High-input farms","Hectare","51 440"
"2009","Luxembourg","Low-input farms","Hectare","19 732"
"2009","Luxembourg","Medium-input farms","Hectare","57 320"
"2009","Hungary","High-input farms","Hectare","656 553"
"2009","Hungary","Low-input farms","Hectare","2 559 141"
"2009","Hungary","Medium-input farms","Hectare","1 960 896"
"2009","Malta","High-input farms","Hectare","5 506"
"2009","Malta","Low-input farms","Hectare","1 823"
"2009","Malta","Medium-input farms","Hectare","2 758"
"2009","Netherlands","High-input farms","Hectare","1 546 238"
"2009","Netherlands","Low-input farms","Hectare","142 184"
"2009","Netherlands","Medium-input farms","Hectare","174 180"
"2009","Austria","High-input farms","Hectare","694 073"
"2009","Austria","Low-input farms","Hectare","1 219 568"
"2009","Austria","Medium-input farms","Hectare","871 673"
"2009","Poland","High-input farms","Hectare","3 109 842"
"2009","Poland","Low-input farms","Hectare","4 887 853"
"2009","Poland","Medium-input farms","Hectare","5 368 838"
"2009","Portugal","High-input farms","Hectare","322 607"
"2009","Portugal","Low-input farms","Hectare","2 152 709"
"2009","Portugal","Medium-input farms","Hectare","343 761"
"2009","Romania","High-input farms","Hectare","796 579"
"2009","Romania","Low-input farms","Hectare","7 149 602"
"2009","Romania","Medium-input farms","Hectare","2 419 816"
"2009","Slovenia","High-input farms","Hectare","159 968"
"2009","Slovenia","Low-input farms","Hectare","179 528"
"2009","Slovenia","Medium-input farms","Hectare","96 720"
"2009","Slovakia","High-input farms","Hectare","95 321"
"2009","Slovakia","Low-input farms","Hectare","1 367 293"
"2009","Slovakia","Medium-input farms","Hectare","723 327"
"2009","Finland","High-input farms","Hectare","820 846"
"2009","Finland","Low-input farms","Hectare","505 073"
"2009","Finland","Medium-input farms","Hectare","777 242"
"2009","Sweden","High-input farms","Hectare","821 019"
"2009","Sweden","Low-input farms","Hectare","1 020 969"
"2009","Sweden","Medium-input farms","Hectare","851 812"
"2009","United Kingdom","High-input farms","Hectare","4 838 742"
"2009","United Kingdom","Low-input farms","Hectare","5 493 902"
"2009","United Kingdom","Medium-input farms","Hectare","4 219 454"
"2010","European Union (EU6-1958, EU9-1973, EU10-1981, EU12-1986, EU15-1995, EU25-2004, EU27-2007, EU28-2013, EU27-2020)","High-input farms","Hectare","47 460 125"
"2010","European Union (EU6-1958, EU9-1973, EU10-1981, EU12-1986, EU15-1995, EU25-2004, EU27-2007, EU28-2013, EU27-2020)","Low-input farms","Hectare","63 261 885"
"2010","European Union (EU6-1958, EU9-1973, EU10-1981, EU12-1986, EU15-1995, EU25-2004, EU27-2007, EU28-2013, EU27-2020)","Medium-input farms","Hectare","46 931 147"
"2010","Belgium","High-input farms","Hectare","1 071 519"
"2010","Belgium","Low-input farms","Hectare","115 559"
"2010","Belgium","Medium-input farms","Hectare","303 890"
"2010","Bulgaria","High-input farms","Hectare","187 130"
"2010","Bulgaria","Low-input farms","Hectare","3 288 624"
"2010","Bulgaria","Medium-input farms","Hectare","541 184"
"2010","Czechia","High-input farms","Hectare","655 016"
"2010","Czechia","Low-input farms","Hectare","953 666"
"2010","Czechia","Medium-input farms","Hectare","1 727 002"
"2010","Denmark","High-input farms","Hectare","1 578 476"
"2010","Denmark","Low-input farms","Hectare","320 078"
"2010","Denmark","Medium-input farms","Hectare","774 787"
"2010","Germany (until 1990 former territory of the FRG)","High-input farms","Hectare","10 239 620"
"2010","Germany (until 1990 former territory of the FRG)","Low-input farms","Hectare","1 868 568"
"2010","Germany (until 1990 former territory of the FRG)","Medium-input farms","Hectare","4 412 977"
"2010","Estonia","High-input farms","Hectare","39 220"
"2010","Estonia","Low-input farms","Hectare","656 516"
"2010","Estonia","Medium-input farms","Hectare","295 829"
"2010","Ireland","High-input farms","Hectare","1 372 309"
"2010","Ireland","Low-input farms","Hectare","1 664 236"
"2010","Ireland","Medium-input farms","Hectare","1 540 596"
"2010","Greece","High-input farms","Hectare","947 251"
"2010","Greece","Low-input farms","Hectare","759 983"
"2010","Greece","Medium-input farms","Hectare","972 230"
"2010","Spain","High-input farms","Hectare","3 153 421"
"2010","Spain","Low-input farms","Hectare","12 600 810"
"2010","Spain","Medium-input farms","Hectare","3 753 017"
"2010","France","High-input farms","Hectare","11 575 612"
"2010","France","Low-input farms","Hectare","3 302 810"
"2010","France","Medium-input farms","Hectare","10 914 299"
"2010","Croatia","High-input farms","Hectare",":"
"2010","Croatia","Low-input farms","Hectare",":"
"2010","Croatia","Medium-input farms","Hectare",":"
"2010","Italy","High-input farms","Hectare","3 288 466"
"2010","Italy","Low-input farms","Hectare","5 835 482"
"2010","Italy","Medium-input farms","Hectare","3 375 104"
"2010","Cyprus","High-input farms","Hectare","40 559"
"2010","Cyprus","Low-input farms","Hectare","30 505"
"2010","Cyprus","Medium-input farms","Hectare","24 242"
"2010","Latvia","High-input farms","Hectare","108 912"
"2010","Latvia","Low-input farms","Hectare","1 133 801"
"2010","Latvia","Medium-input farms","Hectare","352 892"
"2010","Lithuania","High-input farms","Hectare","191 198"
"2010","Lithuania","Low-input farms","Hectare","1 651 969"
"2010","Lithuania","Medium-input farms","Hectare","714 431"
"2010","Luxembourg","High-input farms","Hectare","58 781"
"2010","Luxembourg","Low-input farms","Hectare","16 905"
"2010","Luxembourg","Medium-input farms","Hectare","50 802"
"2010","Hungary","High-input farms","Hectare","625 554"
"2010","Hungary","Low-input farms","Hectare","3 053 730"
"2010","Hungary","Medium-input farms","Hectare","1 766 795"
"2010","Malta","High-input farms","Hectare","4 697"
"2010","Malta","Low-input farms","Hectare","1 643"
"2010","Malta","Medium-input farms","Hectare","1 901"
"2010","Netherlands","High-input farms","Hectare","1 507 055"
"2010","Netherlands","Low-input farms","Hectare","177 301"
"2010","Netherlands","Medium-input farms","Hectare","194 092"
"2010","Austria","High-input farms","Hectare","684 647"
"2010","Austria","Low-input farms","Hectare","1 332 031"
"2010","Austria","Medium-input farms","Hectare","873 850"
"2010","Poland","High-input farms","Hectare","3 470 225"
"2010","Poland","Low-input farms","Hectare","4 865 351"
"2010","Poland","Medium-input farms","Hectare","5 113 831"
"2010","Portugal","High-input farms","Hectare","323 284"
"2010","Portugal","Low-input farms","Hectare","2 100 252"
"2010","Portugal","Medium-input farms","Hectare","294 838"
"2010","Romania","High-input farms","Hectare","667 349"
"2010","Romania","Low-input farms","Hectare","8 274 110"
"2010","Romania","Medium-input farms","Hectare","1 729 357"
"2010","Slovenia","High-input farms","Hectare","144 144"
"2010","Slovenia","Low-input farms","Hectare","212 215"
"2010","Slovenia","Medium-input farms","Hectare","100 083"
"2010","Slovakia","High-input farms","Hectare","126 583"
"2010","Slovakia","Low-input farms","Hectare","1 325 577"
"2010","Slovakia","Medium-input farms","Hectare","731 468"
"2010","Finland","High-input farms","Hectare","663 208"
"2010","Finland","Low-input farms","Hectare","856 739"
"2010","Finland","Medium-input farms","Hectare","642 858"
"2010","Sweden","High-input farms","Hectare","855 707"
"2010","Sweden","Low-input farms","Hectare","1 077 272"
"2010","Sweden","Medium-input farms","Hectare","787 306"
"2010","United Kingdom","High-input farms","Hectare","3 880 182"
"2010","United Kingdom","Low-input farms","Hectare","5 786 153"
"2010","United Kingdom","Medium-input farms","Hectare","4 941 487"
"2011","European Union (EU6-1958, EU9-1973, EU10-1981, EU12-1986, EU15-1995, EU25-2004, EU27-2007, EU28-2013, EU27-2020)","High-input farms","Hectare","47 212 315"
"2011","European Union (EU6-1958, EU9-1973, EU10-1981, EU12-1986, EU15-1995, EU25-2004, EU27-2007, EU28-2013, EU27-2020)","Low-input farms","Hectare","63 610 320"
"2011","European Union (EU6-1958, EU9-1973, EU10-1981, EU12-1986, EU15-1995, EU25-2004, EU27-2007, EU28-2013, EU27-2020)","Medium-input farms","Hectare","47 140 523"
"2011","Belgium","High-input farms","Hectare","1 092 238"
"2011","Belgium","Low-input farms","Hectare","87 984"
"2011","Belgium","Medium-input farms","Hectare","296 411"
"2011","Bulgaria","High-input farms","Hectare","223 402"
"2011","Bulgaria","Low-input farms","Hectare","2 838 034"
"2011","Bulgaria","Medium-input farms","Hectare","986 548"
"2011","Czechia","High-input farms","Hectare","879 941"
"2011","Czechia","Low-input farms","Hectare","960 426"
"2011","Czechia","Medium-input farms","Hectare","1 549 140"
"2011","Denmark","High-input farms","Hectare","1 608 072"
"2011","Denmark","Low-input farms","Hectare","345 700"
"2011","Denmark","Medium-input farms","Hectare","814 187"
"2011","Germany (until 1990 former territory of the FRG)","High-input farms","Hectare","10 547 654"
"2011","Germany (until 1990 former territory of the FRG)","Low-input farms","Hectare","1 651 613"
"2011","Germany (until 1990 former territory of the FRG)","Medium-input farms","Hectare","4 145 672"
"2011","Estonia","High-input farms","Hectare","45 983"
"2011","Estonia","Low-input farms","Hectare","634 071"
"2011","Estonia","Medium-input farms","Hectare","336 402"
"2011","Ireland","High-input farms","Hectare","1 374 013"
"2011","Ireland","Low-input farms","Hectare","1 642 752"
"2011","Ireland","Medium-input farms","Hectare","1 465 234"
"2011","Greece","High-input farms","Hectare","1 123 357"
"2011","Greece","Low-input farms","Hectare","769 794"
"2011","Greece","Medium-input farms","Hectare","1 039 992"
"2011","Spain","High-input farms","Hectare","3 189 426"
"2011","Spain","Low-input farms","Hectare","12 323 243"
"2011","Spain","Medium-input farms","Hectare","4 299 628"
"2011","France","High-input farms","Hectare","11 866 952"
"2011","France","Low-input farms","Hectare","3 299 259"
"2011","France","Medium-input farms","Hectare","10 776 418"
"2011","Croatia","High-input farms","Hectare",":"
"2011","Croatia","Low-input farms","Hectare",":"
"2011","Croatia","Medium-input farms","Hectare",":"
"2011","Italy","High-input farms","Hectare","3 208 918"
"2011","Italy","Low-input farms","Hectare","6 183 406"
"2011","Italy","Medium-input farms","Hectare","3 094 791"
"2011","Cyprus","High-input farms","Hectare","37 522"
"2011","Cyprus","Low-input farms","Hectare","27 453"
"2011","Cyprus","Medium-input farms","Hectare","23 008"
"2011","Latvia","High-input farms","Hectare","94 537"
"2011","Latvia","Low-input farms","Hectare","1 170 098"
"2011","Latvia","Medium-input farms","Hectare","364 764"
"2011","Lithuania","High-input farms","Hectare","119 955"
"2011","Lithuania","Low-input farms","Hectare","1 662 911"
"2011","Lithuania","Medium-input farms","Hectare","707 987"
"2011","Luxembourg","High-input farms","Hectare","66 712"
"2011","Luxembourg","Low-input farms","Hectare","14 393"
"2011","Luxembourg","Medium-input farms","Hectare","45 621"
"2011","Hungary","High-input farms","Hectare","575 237"
"2011","Hungary","Low-input farms","Hectare","2 832 503"
"2011","Hungary","Medium-input farms","Hectare","1 952 727"
"2011","Malta","High-input farms","Hectare","5 176"
"2011","Malta","Low-input farms","Hectare","837"
"2011","Malta","Medium-input farms","Hectare","2 104"
"2011","Netherlands","High-input farms","Hectare","1 566 303"
"2011","Netherlands","Low-input farms","Hectare","167 101"
"2011","Netherlands","Medium-input farms","Hectare","179 956"
"2011","Austria","High-input farms","Hectare","698 424"
"2011","Austria","Low-input farms","Hectare","1 239 261"
"2011","Austria","Medium-input farms","Hectare","912 017"
"2011","Poland","High-input farms","Hectare","2 371 477"
"2011","Poland","Low-input farms","Hectare","5 756 570"
"2011","Poland","Medium-input farms","Hectare","5 388 345"
"2011","Portugal","High-input farms","Hectare","306 336"
"2011","Portugal","Low-input farms","Hectare","2 191 219"
"2011","Portugal","Medium-input farms","Hectare","265 195"
"2011","Romania","High-input farms","Hectare","608 683"
"2011","Romania","Low-input farms","Hectare","8 722 558"
"2011","Romania","Medium-input farms","Hectare","1 258 469"
"2011","Slovenia","High-input farms","Hectare","155 978"
"2011","Slovenia","Low-input farms","Hectare","176 998"
"2011","Slovenia","Medium-input farms","Hectare","111 449"
"2011","Slovakia","High-input farms","Hectare","134 670"
"2011","Slovakia","Low-input farms","Hectare","1 153 487"
"2011","Slovakia","Medium-input farms","Hectare","865 444"
"2011","Finland","High-input farms","Hectare","610 245"
"2011","Finland","Low-input farms","Hectare","993 448"
"2011","Finland","Medium-input farms","Hectare","547 140"
"2011","Sweden","High-input farms","Hectare","952 361"
"2011","Sweden","Low-input farms","Hectare","1 024 302"
"2011","Sweden","Medium-input farms","Hectare","824 489"
"2011","United Kingdom","High-input farms","Hectare","3 748 744"
"2011","United Kingdom","Low-input farms","Hectare","5 740 899"
"2011","United Kingdom","Medium-input farms","Hectare","4 887 384"
"2012","European Union (EU6-1958, EU9-1973, EU10-1981, EU12-1986, EU15-1995, EU25-2004, EU27-2007, EU28-2013, EU27-2020)","High-input farms","Hectare","50 366 776"
"2012","European Union (EU6-1958, EU9-1973, EU10-1981, EU12-1986, EU15-1995, EU25-2004, EU27-2007, EU28-2013, EU27-2020)","Low-input farms","Hectare","64 339 338"
"2012","European Union (EU6-1958, EU9-1973, EU10-1981, EU12-1986, EU15-1995, EU25-2004, EU27-2007, EU28-2013, EU27-2020)","Medium-input farms","Hectare","46 589 595"
"2012","Belgium","High-input farms","Hectare","1 108 699"
"2012","Belgium","Low-input farms","Hectare","107 019"
"2012","Belgium","Medium-input farms","Hectare","242 209"
"2012","Bulgaria","High-input farms","Hectare","196 790"
"2012","Bulgaria","Low-input farms","Hectare","2 630 222"
"2012","Bulgaria","Medium-input farms","Hectare","1 460 620"
"2012","Czechia","High-input farms","Hectare","876 075"
"2012","Czechia","Low-input farms","Hectare","1 059 591"
"2012","Czechia","Medium-input farms","Hectare","1 550 792"
"2012","Denmark","High-input farms","Hectare","1 514 384"
"2012","Denmark","Low-input farms","Hectare","284 885"
"2012","Denmark","Medium-input farms","Hectare","843 690"
"2012","Germany (until 1990 former territory of the FRG)","High-input farms","Hectare","11 192 425"
"2012","Germany (until 1990 former territory of the FRG)","Low-input farms","Hectare","1 604 561"
"2012","Germany (until 1990 former territory of the FRG)","Medium-input farms","Hectare","3 614 939"
"2012","Estonia","High-input farms","Hectare","37 871"
"2012","Estonia","Low-input farms","Hectare","647 361"
"2012","Estonia","Medium-input farms","Hectare","336 088"
"2012","Ireland","High-input farms","Hectare","1 537 433"
"2012","Ireland","Low-input farms","Hectare","1 368 352"
"2012","Ireland","Medium-input farms","Hectare","1 352 073"
"2012","Greece","High-input farms","Hectare","1 234 640"
"2012","Greece","Low-input farms","Hectare","786 474"
"2012","Greece","Medium-input farms","Hectare","1 140 107"
"2012","Spain","High-input farms","Hectare","3 255 681"
"2012","Spain","Low-input farms","Hectare","15 199 655"
"2012","Spain","Medium-input farms","Hectare","4 565 419"
"2012","France","High-input farms","Hectare","11 964 651"
"2012","France","Low-input farms","Hectare","2 969 990"
"2012","France","Medium-input farms","Hectare","10 738 907"
"2012","Croatia","High-input farms","Hectare",":"
"2012","Croatia","Low-input farms","Hectare",":"
"2012","Croatia","Medium-input farms","Hectare",":"
"2012","Italy","High-input farms","Hectare","3 353 335"
"2012","Italy","Low-input farms","Hectare","5 473 179"
"2012","Italy","Medium-input farms","Hectare","2 689 612"
"2012","Cyprus","High-input farms","Hectare","42 087"
"2012","Cyprus","Low-input farms","Hectare","24 367"
"2012","Cyprus","Medium-input farms","Hectare","18 732"
"2012","Latvia","High-input farms","Hectare","53 887"
"2012","Latvia","Low-input farms","Hectare","1 260 514"
"2012","Latvia","Medium-input farms","Hectare","431 554"
"2012","Lithuania","High-input farms","Hectare","160 417"
"2012","Lithuania","Low-input farms","Hectare","1 900 937"
"2012","Lithuania","Medium-input farms","Hectare","801 788"
"2012","Luxembourg","High-input farms","Hectare","64 609"
"2012","Luxembourg","Low-input farms","Hectare","20 226"
"2012","Luxembourg","Medium-input farms","Hectare","48 699"
"2012","Hungary","High-input farms","Hectare","647 278"
"2012","Hungary","Low-input farms","Hectare","2 612 237"
"2012","Hungary","Medium-input farms","Hectare","1 698 107"
"2012","Malta","High-input farms","Hectare","5 222"
"2012","Malta","Low-input farms","Hectare","728"
"2012","Malta","Medium-input farms","Hectare","1 766"
"2012","Netherlands","High-input farms","Hectare","1 568 863"
"2012","Netherlands","Low-input farms","Hectare","100 879"
"2012","Netherlands","Medium-input farms","Hectare","189 569"
"2012","Austria","High-input farms","Hectare","689 008"
"2012","Austria","Low-input farms","Hectare","1 292 218"
"2012","Austria","Medium-input farms","Hectare","878 923"
"2012","Poland","High-input farms","Hectare","2 617 070"
"2012","Poland","Low-input farms","Hectare","5 841 563"
"2012","Poland","Medium-input farms","Hectare","5 324 607"
"2012","Portugal","High-input farms","Hectare","323 077"
"2012","Portugal","Low-input farms","Hectare","2 017 120"
"2012","Portugal","Medium-input farms","Hectare","262 585"
"2012","Romania","High-input farms","Hectare","625 434"
"2012","Romania","Low-input farms","Hectare","8 048 867"
"2012","Romania","Medium-input farms","Hectare","1 897 350"
"2012","Slovenia","High-input farms","Hectare","177 444"
"2012","Slovenia","Low-input farms","Hectare","191 794"
"2012","Slovenia","Medium-input farms","Hectare","104 400"
"2012","Slovakia","High-input farms","Hectare","144 054"
"2012","Slovakia","Low-input farms","Hectare","1 042 979"
"2012","Slovakia","Medium-input farms","Hectare","986 843"
"2012","Finland","High-input farms","Hectare","554 822"
"2012","Finland","Low-input farms","Hectare","951 650"
"2012","Finland","Medium-input farms","Hectare","668 495"
"2012","Sweden","High-input farms","Hectare","1 153 674"
"2012","Sweden","Low-input farms","Hectare","895 080"
"2012","Sweden","Medium-input farms","Hectare","799 455"
"2012","United Kingdom","High-input farms","Hectare","5 267 847"
"2012","United Kingdom","Low-input farms","Hectare","6 006 891"
"2012","United Kingdom","Medium-input farms","Hectare","3 942 266"
"2013","European Union (EU6-1958, EU9-1973, EU10-1981, EU12-1986, EU15-1995, EU25-2004, EU27-2007, EU28-2013, EU27-2020)","High-input farms","Hectare","49 521 562"
"2013","European Union (EU6-1958, EU9-1973, EU10-1981, EU12-1986, EU15-1995, EU25-2004, EU27-2007, EU28-2013, EU27-2020)","Low-input farms","Hectare","67 329 622"
"2013","European Union (EU6-1958, EU9-1973, EU10-1981, EU12-1986, EU15-1995, EU25-2004, EU27-2007, EU28-2013, EU27-2020)","Medium-input farms","Hectare","47 564 127"
"2013","Belgium","High-input farms","Hectare","1 134 889"
"2013","Belgium","Low-input farms","Hectare","106 967"
"2013","Belgium","Medium-input farms","Hectare","236 790"
"2013","Bulgaria","High-input farms","Hectare","206 239"
"2013","Bulgaria","Low-input farms","Hectare","2 813 568"
"2013","Bulgaria","Medium-input farms","Hectare","1 279 980"
"2013","Czechia","High-input farms","Hectare","927 880"
"2013","Czechia","Low-input farms","Hectare","1 076 515"
"2013","Czechia","Medium-input farms","Hectare","1 531 691"
"2013","Denmark","High-input farms","Hectare","1 522 441"
"2013","Denmark","Low-input farms","Hectare","313 458"
"2013","Denmark","Medium-input farms","Hectare","852 185"
"2013","Germany (until 1990 former territory of the FRG)","High-input farms","Hectare","11 234 973"
"2013","Germany (until 1990 former territory of the FRG)","Low-input farms","Hectare","1 699 727"
"2013","Germany (until 1990 former territory of the FRG)","Medium-input farms","Hectare","3 851 367"
"2013","Estonia","High-input farms","Hectare","44 596"
"2013","Estonia","Low-input farms","Hectare","625 792"
"2013","Estonia","Medium-input farms","Hectare","372 196"
"2013","Ireland","High-input farms","Hectare","1 554 140"
"2013","Ireland","Low-input farms","Hectare","1 352 716"
"2013","Ireland","Medium-input farms","Hectare","1 375 620"
"2013","Greece","High-input farms","Hectare","1 078 609"
"2013","Greece","Low-input farms","Hectare","1 069 143"
"2013","Greece","Medium-input farms","Hectare","1 160 384"
"2013","Spain","High-input farms","Hectare","3 233 879"
"2013","Spain","Low-input farms","Hectare","14 984 037"
"2013","Spain","Medium-input farms","Hectare","4 855 191"
"2013","France","High-input farms","Hectare","12 193 999"
"2013","France","Low-input farms","Hectare","3 570 367"
"2013","France","Medium-input farms","Hectare","10 066 017"
"2013","Croatia","High-input farms","Hectare","313 518"
"2013","Croatia","Low-input farms","Hectare","490 731"
"2013","Croatia","Medium-input farms","Hectare","467 125"
"2013","Italy","High-input farms","Hectare","3 197 788"
"2013","Italy","Low-input farms","Hectare","5 592 661"
"2013","Italy","Medium-input farms","Hectare","2 916 447"
"2013","Cyprus","High-input farms","Hectare","35 828"
"2013","Cyprus","Low-input farms","Hectare","35 624"
"2013","Cyprus","Medium-input farms","Hectare","18 898"
"2013","Latvia","High-input farms","Hectare","48 553"
"2013","Latvia","Low-input farms","Hectare","1 270 133"
"2013","Latvia","Medium-input farms","Hectare","386 418"
"2013","Lithuania","High-input farms","Hectare","169 295"
"2013","Lithuania","Low-input farms","Hectare","1 995 658"
"2013","Lithuania","Medium-input farms","Hectare","791 404"
"2013","Luxembourg","High-input farms","Hectare","62 561"
"2013","Luxembourg","Low-input farms","Hectare","19 254"
"2013","Luxembourg","Medium-input farms","Hectare","50 584"
"2013","Hungary","High-input farms","Hectare","697 288"
"2013","Hungary","Low-input farms","Hectare","2 634 930"
"2013","Hungary","Medium-input farms","Hectare","1 678 255"
"2013","Malta","High-input farms","Hectare","4 743"
"2013","Malta","Low-input farms","Hectare","917"
"2013","Malta","Medium-input farms","Hectare","1 891"
"2013","Netherlands","High-input farms","Hectare","1 594 683"
"2013","Netherlands","Low-input farms","Hectare","68 177"
"2013","Netherlands","Medium-input farms","Hectare","142 424"
"2013","Austria","High-input farms","Hectare","779 073"
"2013","Austria","Low-input farms","Hectare","1 342 886"
"2013","Austria","Medium-input farms","Hectare","847 098"
"2013","Poland","High-input farms","Hectare","2 485 789"
"2013","Poland","Low-input farms","Hectare","6 142 149"
"2013","Poland","Medium-input farms","Hectare","5 203 430"
"2013","Portugal","High-input farms","Hectare","277 955"
"2013","Portugal","Low-input farms","Hectare","2 063 582"
"2013","Portugal","Medium-input farms","Hectare","236 990"
"2013","Romania","High-input farms","Hectare","518 174"
"2013","Romania","Low-input farms","Hectare","8 429 798"
"2013","Romania","Medium-input farms","Hectare","1 586 742"
"2013","Slovenia","High-input farms","Hectare","160 601"
"2013","Slovenia","Low-input farms","Hectare","180 796"
"2013","Slovenia","Medium-input farms","Hectare","117 062"
"2013","Slovakia","High-input farms","Hectare","124 986"
"2013","Slovakia","Low-input farms","Hectare","956 828"
"2013","Slovakia","Medium-input farms","Hectare","959 158"
"2013","Finland","High-input farms","Hectare","624 286"
"2013","Finland","Low-input farms","Hectare","875 456"
"2013","Finland","Medium-input farms","Hectare","721 885"
"2013","Sweden","High-input farms","Hectare","1 072 142"
"2013","Sweden","Low-input farms","Hectare","998 783"
"2013","Sweden","Medium-input farms","Hectare","812 979"
"2013","United Kingdom","High-input farms","Hectare","4 222 652"
"2013","United Kingdom","Low-input farms","Hectare","6 618 969"
"2013","United Kingdom","Medium-input farms","Hectare","5 043 919"
"2014","European Union (EU6-1958, EU9-1973, EU10-1981, EU12-1986, EU15-1995, EU25-2004, EU27-2007, EU28-2013, EU27-2020)","High-input farms","Hectare","48 750 300"
"2014","European Union (EU6-1958, EU9-1973, EU10-1981, EU12-1986, EU15-1995, EU25-2004, EU27-2007, EU28-2013, EU27-2020)","Low-input farms","Hectare","64 545 778"
"2014","European Union (EU6-1958, EU9-1973, EU10-1981, EU12-1986, EU15-1995, EU25-2004, EU27-2007, EU28-2013, EU27-2020)","Medium-input farms","Hectare","49 318 635"
"2014","Belgium","High-input farms","Hectare","1 094 030"
"2014","Belgium","Low-input farms","Hectare","116 371"
"2014","Belgium","Medium-input farms","Hectare","254 227"
"2014","Bulgaria","High-input farms","Hectare","244 047"
"2014","Bulgaria","Low-input farms","Hectare","2 388 163"
"2014","Bulgaria","Medium-input farms","Hectare","2 277 992"
"2014","Czechia","High-input farms","Hectare","830 235"
"2014","Czechia","Low-input farms","Hectare","1 031 591"
"2014","Czechia","Medium-input farms","Hectare","1 670 001"
"2014","Denmark","High-input farms","Hectare","1 353 250"
"2014","Denmark","Low-input farms","Hectare","422 330"
"2014","Denmark","Medium-input farms","Hectare","896 785"
"2014","Germany (until 1990 former territory of the FRG)","High-input farms","Hectare","10 863 254"
"2014","Germany (until 1990 former territory of the FRG)","Low-input farms","Hectare","1 670 194"
"2014","Germany (until 1990 former territory of the FRG)","Medium-input farms","Hectare","4 140 556"
"2014","Estonia","High-input farms","Hectare","50 665"
"2014","Estonia","Low-input farms","Hectare","639 601"
"2014","Estonia","Medium-input farms","Hectare","290 452"
"2014","Ireland","High-input farms","Hectare","1 412 452"
"2014","Ireland","Low-input farms","Hectare","1 563 288"
"2014","Ireland","Medium-input farms","Hectare","1 352 802"
"2014","Greece","High-input farms","Hectare","1 217 083"
"2014","Greece","Low-input farms","Hectare","1 071 829"
"2014","Greece","Medium-input farms","Hectare","1 186 260"
"2014","Spain","High-input farms","Hectare","2 849 421"
"2014","Spain","Low-input farms","Hectare","15 027 463"
"2014","Spain","Medium-input farms","Hectare","4 710 827"
"2014","France","High-input farms","Hectare","12 125 717"
"2014","France","Low-input farms","Hectare","3 480 503"
"2014","France","Medium-input farms","Hectare","10 107 884"
"2014","Croatia","High-input farms","Hectare","386 066"
"2014","Croatia","Low-input farms","Hectare","361 068"
"2014","Croatia","Medium-input farms","Hectare","426 108"
"2014","Italy","High-input farms","Hectare","3 036 518"
"2014","Italy","Low-input farms","Hectare","4 982 528"
"2014","Italy","Medium-input farms","Hectare","2 809 109"
"2014","Cyprus","High-input farms","Hectare","38 690"
"2014","Cyprus","Low-input farms","Hectare","58 977"
"2014","Cyprus","Medium-input farms","Hectare","21 292"
"2014","Latvia","High-input farms","Hectare","47 074"
"2014","Latvia","Low-input farms","Hectare","1 159 789"
"2014","Latvia","Medium-input farms","Hectare","399 404"
"2014","Lithuania","High-input farms","Hectare","95 629"
"2014","Lithuania","Low-input farms","Hectare","1 902 260"
"2014","Lithuania","Medium-input farms","Hectare","891 966"
"2014","Luxembourg","High-input farms","Hectare","58 995"
"2014","Luxembourg","Low-input farms","Hectare","21 772"
"2014","Luxembourg","Medium-input farms","Hectare","50 312"
"2014","Hungary","High-input farms","Hectare","659 962"
"2014","Hungary","Low-input farms","Hectare","2 741 835"
"2014","Hungary","Medium-input farms","Hectare","1 640 211"
"2014","Malta","High-input farms","Hectare","4 972"
"2014","Malta","Low-input farms","Hectare","1 323"
"2014","Malta","Medium-input farms","Hectare","1 589"
"2014","Netherlands","High-input farms","Hectare","1 626 563"
"2014","Netherlands","Low-input farms","Hectare","70 228"
"2014","Netherlands","Medium-input farms","Hectare","128 443"
"2014","Austria","High-input farms","Hectare","779 938"
"2014","Austria","Low-input farms","Hectare","950 591"
"2014","Austria","Medium-input farms","Hectare","863 769"
"2014","Poland","High-input farms","Hectare","2 274 362"
"2014","Poland","Low-input farms","Hectare","6 000 616"
"2014","Poland","Medium-input farms","Hectare","5 249 581"
"2014","Portugal","High-input farms","Hectare","285 569"
"2014","Portugal","Low-input farms","Hectare","2 108 970"
"2014","Portugal","Medium-input farms","Hectare","251 248"
"2014","Romania","High-input farms","Hectare","531 382"
"2014","Romania","Low-input farms","Hectare","7 434 042"
"2014","Romania","Medium-input farms","Hectare","2 498 204"
"2014","Slovenia","High-input farms","Hectare","136 121"
"2014","Slovenia","Low-input farms","Hectare","193 304"
"2014","Slovenia","Medium-input farms","Hectare","96 701"
"2014","Slovakia","High-input farms","Hectare","160 849"
"2014","Slovakia","Low-input farms","Hectare","931 476"
"2014","Slovakia","Medium-input farms","Hectare","844 815"
"2014","Finland","High-input farms","Hectare","643 259"
"2014","Finland","Low-input farms","Hectare","791 215"
"2014","Finland","Medium-input farms","Hectare","722 489"
"2014","Sweden","High-input farms","Hectare","1 081 490"
"2014","Sweden","Low-input farms","Hectare","911 535"
"2014","Sweden","Medium-input farms","Hectare","1 044 066"
"2014","United Kingdom","High-input farms","Hectare","4 862 706"
"2014","United Kingdom","Low-input farms","Hectare","6 512 916"
"2014","United Kingdom","Medium-input farms","Hectare","4 491 541"
"2015","European Union (EU6-1958, EU9-1973, EU10-1981, EU12-1986, EU15-1995, EU25-2004, EU27-2007, EU28-2013, EU27-2020)","High-input farms","Hectare","47 485 064"
"2015","European Union (EU6-1958, EU9-1973, EU10-1981, EU12-1986, EU15-1995, EU25-2004, EU27-2007, EU28-2013, EU27-2020)","Low-input farms","Hectare","61 020 713"
"2015","European Union (EU6-1958, EU9-1973, EU10-1981, EU12-1986, EU15-1995, EU25-2004, EU27-2007, EU28-2013, EU27-2020)","Medium-input farms","Hectare","50 310 092"
"2015","Belgium","High-input farms","Hectare","1 098 403"
"2015","Belgium","Low-input farms","Hectare","108 900"
"2015","Belgium","Medium-input farms","Hectare","284 558"
"2015","Bulgaria","High-input farms","Hectare","272 831"
"2015","Bulgaria","Low-input farms","Hectare","2 391 129"
"2015","Bulgaria","Medium-input farms","Hectare","1 755 924"
"2015","Czechia","High-input farms","Hectare","1 069 851"
"2015","Czechia","Low-input farms","Hectare","977 146"
"2015","Czechia","Medium-input farms","Hectare","1 462 185"
"2015","Denmark","High-input farms","Hectare","1 362 709"
"2015","Denmark","Low-input farms","Hectare","393 119"
"2015","Denmark","Medium-input farms","Hectare","1 009 026"
"2015","Germany (until 1990 former territory of the FRG)","High-input farms","Hectare","9 653 471"
"2015","Germany (until 1990 former territory of the FRG)","Low-input farms","Hectare","1 861 382"
"2015","Germany (until 1990 former territory of the FRG)","Medium-input farms","Hectare","5 064 762"
"2015","Estonia","High-input farms","Hectare","33 310"
"2015","Estonia","Low-input farms","Hectare","700 274"
"2015","Estonia","Medium-input farms","Hectare","235 207"
"2015","Ireland","High-input farms","Hectare","1 469 632"
"2015","Ireland","Low-input farms","Hectare","1 523 840"
"2015","Ireland","Medium-input farms","Hectare","1 272 763"
"2015","Greece","High-input farms","Hectare","1 216 186"
"2015","Greece","Low-input farms","Hectare","1 051 451"
"2015","Greece","Medium-input farms","Hectare","1 206 671"
"2015","Spain","High-input farms","Hectare","2 736 834"
"2015","Spain","Low-input farms","Hectare","12 576 863"
"2015","Spain","Medium-input farms","Hectare","4 604 605"
"2015","France","High-input farms","Hectare","11 884 621"
"2015","France","Low-input farms","Hectare","3 731 890"
"2015","France","Medium-input farms","Hectare","10 185 471"
"2015","Croatia","High-input farms","Hectare","456 655"
"2015","Croatia","Low-input farms","Hectare","420 218"
"2015","Croatia","Medium-input farms","Hectare","462 242"
"2015","Italy","High-input farms","Hectare","3 019 100"
"2015","Italy","Low-input farms","Hectare","5 112 148"
"2015","Italy","Medium-input farms","Hectare","2 746 740"
"2015","Cyprus","High-input farms","Hectare","43 615"
"2015","Cyprus","Low-input farms","Hectare","51 224"
"2015","Cyprus","Medium-input farms","Hectare","22 949"
"2015","Latvia","High-input farms","Hectare","40 001"
"2015","Latvia","Low-input farms","Hectare","1 138 100"
"2015","Latvia","Medium-input farms","Hectare","406 463"
"2015","Lithuania","High-input farms","Hectare","156 200"
"2015","Lithuania","Low-input farms","Hectare","1 836 739"
"2015","Lithuania","Medium-input farms","Hectare","866 433"
"2015","Luxembourg","High-input farms","Hectare","64 641"
"2015","Luxembourg","Low-input farms","Hectare","20 128"
"2015","Luxembourg","Medium-input farms","Hectare","47 296"
"2015","Hungary","High-input farms","Hectare","631 450"
"2015","Hungary","Low-input farms","Hectare","2 936 711"
"2015","Hungary","Medium-input farms","Hectare","1 542 474"
"2015","Malta","High-input farms","Hectare","4 460"
"2015","Malta","Low-input farms","Hectare","1 327"
"2015","Malta","Medium-input farms","Hectare","1 959"
"2015","Netherlands","High-input farms","Hectare","1 585 540"
"2015","Netherlands","Low-input farms","Hectare","74 531"
"2015","Netherlands","Medium-input farms","Hectare","135 946"
"2015","Austria","High-input farms","Hectare","815 043"
"2015","Austria","Low-input farms","Hectare","985 691"
"2015","Austria","Medium-input farms","Hectare","818 585"
"2015","Poland","High-input farms","Hectare","2 249 756"
"2015","Poland","Low-input farms","Hectare","6 366 994"
"2015","Poland","Medium-input farms","Hectare","4 956 467"
"2015","Portugal","High-input farms","Hectare","306 579"
"2015","Portugal","Low-input farms","Hectare","1 837 418"
"2015","Portugal","Medium-input farms","Hectare","261 644"
"2015","Romania","High-input farms","Hectare","608 724"
"2015","Romania","Low-input farms","Hectare","6 215 768"
"2015","Romania","Medium-input farms","Hectare","3 305 877"
"2015","Slovenia","High-input farms","Hectare","109 068"
"2015","Slovenia","Low-input farms","Hectare","219 960"
"2015","Slovenia","Medium-input farms","Hectare","100 206"
"2015","Slovakia","High-input farms","Hectare","147 766"
"2015","Slovakia","Low-input farms","Hectare","859 722"
"2015","Slovakia","Medium-input farms","Hectare","922 401"
"2015","Finland","High-input farms","Hectare","629 544"
"2015","Finland","Low-input farms","Hectare","861 104"
"2015","Finland","Medium-input farms","Hectare","756 041"
"2015","Sweden","High-input farms","Hectare","1 011 780"
"2015","Sweden","Low-input farms","Hectare","984 737"
"2015","Sweden","Medium-input farms","Hectare","1 052 703"
"2015","United Kingdom","High-input farms","Hectare","4 807 296"
"2015","United Kingdom","Low-input farms","Hectare","5 782 197"
"2015","United Kingdom","Medium-input farms","Hectare","4 822 492"
"2016","European Union (EU6-1958, EU9-1973, EU10-1981, EU12-1986, EU15-1995, EU25-2004, EU27-2007, EU28-2013, EU27-2020)","High-input farms","Hectare","46 539 653"
"2016","European Union (EU6-1958, EU9-1973, EU10-1981, EU12-1986, EU15-1995, EU25-2004, EU27-2007, EU28-2013, EU27-2020)","Low-input farms","Hectare","62 852 824"
"2016","European Union (EU6-1958, EU9-1973, EU10-1981, EU12-1986, EU15-1995, EU25-2004, EU27-2007, EU28-2013, EU27-2020)","Medium-input farms","Hectare","50 908 355"
"2016","Belgium","High-input farms","Hectare","1 087 270"
"2016","Belgium","Low-input farms","Hectare","126 135"
"2016","Belgium","Medium-input farms","Hectare","220 582"
"2016","Bulgaria","High-input farms","Hectare","275 881"
"2016","Bulgaria","Low-input farms","Hectare","2 324 805"
"2016","Bulgaria","Medium-input farms","Hectare","1 841 592"
"2016","Czechia","High-input farms","Hectare","980 597"
"2016","Czechia","Low-input farms","Hectare","993 784"
"2016","Czechia","Medium-input farms","Hectare","1 551 153"
"2016","Denmark","High-input farms","Hectare","1 434 170"
"2016","Denmark","Low-input farms","Hectare","447 467"
"2016","Denmark","Medium-input farms","Hectare","1 011 084"
"2016","Germany (until 1990 former territory of the FRG)","High-input farms","Hectare","9 531 102"
"2016","Germany (until 1990 former territory of the FRG)","Low-input farms","Hectare","1 937 769"
"2016","Germany (until 1990 former territory of the FRG)","Medium-input farms","Hectare","4 995 594"
"2016","Estonia","High-input farms","Hectare","42 140"
"2016","Estonia","Low-input farms","Hectare","769 095"
"2016","Estonia","Medium-input farms","Hectare","158 581"
"2016","Ireland","High-input farms","Hectare","1 543 788"
"2016","Ireland","Low-input farms","Hectare","1 422 158"
"2016","Ireland","Medium-input farms","Hectare","1 243 020"
"2016","Greece","High-input farms","Hectare","1 076 924"
"2016","Greece","Low-input farms","Hectare","1 200 784"
"2016","Greece","Medium-input farms","Hectare","1 305 332"
"2016","Spain","High-input farms","Hectare","2 750 099"
"2016","Spain","Low-input farms","Hectare","12 826 205"
"2016","Spain","Medium-input farms","Hectare","4 697 909"
"2016","France","High-input farms","Hectare","12 080 769"
"2016","France","Low-input farms","Hectare","3 550 779"
"2016","France","Medium-input farms","Hectare","10 222 679"
"2016","Croatia","High-input farms","Hectare","432 832"
"2016","Croatia","Low-input farms","Hectare","370 887"
"2016","Croatia","Medium-input farms","Hectare","680 426"
"2016","Italy","High-input farms","Hectare","2 937 806"
"2016","Italy","Low-input farms","Hectare","5 273 014"
"2016","Italy","Medium-input farms","Hectare","2 738 855"
"2016","Cyprus","High-input farms","Hectare","45 832"
"2016","Cyprus","Low-input farms","Hectare","51 741"
"2016","Cyprus","Medium-input farms","Hectare","19 662"
"2016","Latvia","High-input farms","Hectare","64 107"
"2016","Latvia","Low-input farms","Hectare","1 093 475"
"2016","Latvia","Medium-input farms","Hectare","402 785"
"2016","Lithuania","High-input farms","Hectare","108 806"
"2016","Lithuania","Low-input farms","Hectare","1 962 184"
"2016","Lithuania","Medium-input farms","Hectare","888 179"
"2016","Luxembourg","High-input farms","Hectare","61 037"
"2016","Luxembourg","Low-input farms","Hectare","20 425"
"2016","Luxembourg","Medium-input farms","Hectare","49 242"
"2016","Hungary","High-input farms","Hectare","595 716"
"2016","Hungary","Low-input farms","Hectare","2 768 189"
"2016","Hungary","Medium-input farms","Hectare","1 548 301"
"2016","Malta","High-input farms","Hectare","4 789"
"2016","Malta","Low-input farms","Hectare","1 476"
"2016","Malta","Medium-input farms","Hectare","1 611"
"2016","Netherlands","High-input farms","Hectare","1 576 460"
"2016","Netherlands","Low-input farms","Hectare","54 352"
"2016","Netherlands","Medium-input farms","Hectare","152 680"
"2016","Austria","High-input farms","Hectare","810 535"
"2016","Austria","Low-input farms","Hectare","893 948"
"2016","Austria","Medium-input farms","Hectare","845 121"
"2016","Poland","High-input farms","Hectare","1 972 329"
"2016","Poland","Low-input farms","Hectare","6 839 432"
"2016","Poland","Medium-input farms","Hectare","5 047 783"
"2016","Portugal","High-input farms","Hectare","324 681"
"2016","Portugal","Low-input farms","Hectare","1 711 554"
"2016","Portugal","Medium-input farms","Hectare","318 486"
"2016","Romania","High-input farms","Hectare","820 713"
"2016","Romania","Low-input farms","Hectare","7 339 491"
"2016","Romania","Medium-input farms","Hectare","2 457 926"
"2016","Slovenia","High-input farms","Hectare","122 905"
"2016","Slovenia","Low-input farms","Hectare","211 034"
"2016","Slovenia","Medium-input farms","Hectare","91 008"
"2016","Slovakia","High-input farms","Hectare","116 599"
"2016","Slovakia","Low-input farms","Hectare","927 038"
"2016","Slovakia","Medium-input farms","Hectare","844 362"
"2016","Finland","High-input farms","Hectare","723 827"
"2016","Finland","Low-input farms","Hectare","599 392"
"2016","Finland","Medium-input farms","Hectare","906 877"
"2016","Sweden","High-input farms","Hectare","982 965"
"2016","Sweden","Low-input farms","Hectare","1 053 724"
"2016","Sweden","Medium-input farms","Hectare","1 086 998"
"2016","United Kingdom","High-input farms","Hectare","4 034 974"
"2016","United Kingdom","Low-input farms","Hectare","6 082 488"
"2016","United Kingdom","Medium-input farms","Hectare","5 580 525"
