DATAFLOW,LAST UPDATE,freq,indic_ag,unit,geo,TIME_PERIOD,OBS_VALUE,OBS_FLAG
ESTAT:AEI_PS_INP(1.0),04/10/21 23:00:00,A,HIGH_INP,PC_AREA,AT,2005,34,
ESTAT:AEI_PS_INP(1.0),04/10/21 23:00:00,A,HIGH_INP,PC_AREA,AT,2006,36.4,
ESTAT:AEI_PS_INP(1.0),04/10/21 23:00:00,A,HIGH_INP,PC_AREA,AT,2007,38.1,
ESTAT:AEI_PS_INP(1.0),04/10/21 23:00:00,A,HIGH_INP,PC_AREA,AT,2008,38.9,
ESTAT:AEI_PS_INP(1.0),04/10/21 23:00:00,A,HIGH_INP,PC_AREA,AT,2009,34.6,
ESTAT:AEI_PS_INP(1.0),04/10/21 23:00:00,A,HIGH_INP,PC_AREA,AT,2010,33.3,
ESTAT:AEI_PS_INP(1.0),04/10/21 23:00:00,A,HIGH_INP,PC_AREA,AT,2011,34.2,
ESTAT:AEI_PS_INP(1.0),04/10/21 23:00:00,A,HIGH_INP,PC_AREA,AT,2012,35.5,
ESTAT:AEI_PS_INP(1.0),04/10/21 23:00:00,A,HIGH_INP,PC_AREA,AT,2013,37.3,
ESTAT:AEI_PS_INP(1.0),04/10/21 23:00:00,A,HIGH_INP,PC_AREA,AT,2014,46,
ESTAT:AEI_PS_INP(1.0),04/10/21 23:00:00,A,HIGH_INP,PC_AREA,AT,2015,45.4,
ESTAT:AEI_PS_INP(1.0),04/10/21 23:00:00,A,HIGH_INP,PC_AREA,AT,2016,47.2,
ESTAT:AEI_PS_INP(1.0),04/10/21 23:00:00,A,HIGH_INP,PC_AREA,AT,2017,52.2,
ESTAT:AEI_PS_INP(1.0),04/10/21 23:00:00,A,HIGH_INP,PC_AREA,AT,2018,50.8,
ESTAT:AEI_PS_INP(1.0),04/10/21 23:00:00,A,HIGH_INP,PC_AREA,AT,2019,51,
ESTAT:AEI_PS_INP(1.0),04/10/21 23:00:00,A,HIGH_INP,PC_AREA,BE,2005,26.4,
ESTAT:AEI_PS_INP(1.0),04/10/21 23:00:00,A,HIGH_INP,PC_AREA,BE,2006,25.7,
ESTAT:AEI_PS_INP(1.0),04/10/21 23:00:00,A,HIGH_INP,PC_AREA,BE,2007,32.4,
ESTAT:AEI_PS_INP(1.0),04/10/21 23:00:00,A,HIGH_INP,PC_AREA,BE,2008,28.9,
ESTAT:AEI_PS_INP(1.0),04/10/21 23:00:00,A,HIGH_INP,PC_AREA,BE,2009,29.8,
ESTAT:AEI_PS_INP(1.0),04/10/21 23:00:00,A,HIGH_INP,PC_AREA,BE,2010,33.3,
ESTAT:AEI_PS_INP(1.0),04/10/21 23:00:00,A,HIGH_INP,PC_AREA,BE,2011,31.4,
ESTAT:AEI_PS_INP(1.0),04/10/21 23:00:00,A,HIGH_INP,PC_AREA,BE,2012,27.5,
ESTAT:AEI_PS_INP(1.0),04/10/21 23:00:00,A,HIGH_INP,PC_AREA,BE,2013,22.9,
ESTAT:AEI_PS_INP(1.0),04/10/21 23:00:00,A,HIGH_INP,PC_AREA,BE,2014,19.8,
ESTAT:AEI_PS_INP(1.0),04/10/21 23:00:00,A,HIGH_INP,PC_AREA,BE,2015,14.9,
ESTAT:AEI_PS_INP(1.0),04/10/21 23:00:00,A,HIGH_INP,PC_AREA,BE,2016,16.2,
ESTAT:AEI_PS_INP(1.0),04/10/21 23:00:00,A,HIGH_INP,PC_AREA,BE,2017,14,
ESTAT:AEI_PS_INP(1.0),04/10/21 23:00:00,A,HIGH_INP,PC_AREA,BE,2018,14.6,
ESTAT:AEI_PS_INP(1.0),04/10/21 23:00:00,A,HIGH_INP,PC_AREA,BE,2019,15.1,
ESTAT:AEI_PS_INP(1.0),04/10/21 23:00:00,A,HIGH_INP,PC_AREA,BG,2007,22.4,
ESTAT:AEI_PS_INP(1.0),04/10/21 23:00:00,A,HIGH_INP,PC_AREA,BG,2008,29,
ESTAT:AEI_PS_INP(1.0),04/10/21 23:00:00,A,HIGH_INP,PC_AREA,BG,2009,31.3,
ESTAT:AEI_PS_INP(1.0),04/10/21 23:00:00,A,HIGH_INP,PC_AREA,BG,2010,33.5,
ESTAT:AEI_PS_INP(1.0),04/10/21 23:00:00,A,HIGH_INP,PC_AREA,BG,2011,45.1,
ESTAT:AEI_PS_INP(1.0),04/10/21 23:00:00,A,HIGH_INP,PC_AREA,BG,2012,56.3,
ESTAT:AEI_PS_INP(1.0),04/10/21 23:00:00,A,HIGH_INP,PC_AREA,BG,2013,67.8,
ESTAT:AEI_PS_INP(1.0),04/10/21 23:00:00,A,HIGH_INP,PC_AREA,BG,2014,73.7,
ESTAT:AEI_PS_INP(1.0),04/10/21 23:00:00,A,HIGH_INP,PC_AREA,BG,2015,74.4,
ESTAT:AEI_PS_INP(1.0),04/10/21 23:00:00,A,HIGH_INP,PC_AREA,BG,2016,80,
ESTAT:AEI_PS_INP(1.0),04/10/21 23:00:00,A,HIGH_INP,PC_AREA,BG,2017,79.6,
ESTAT:AEI_PS_INP(1.0),04/10/21 23:00:00,A,HIGH_INP,PC_AREA,BG,2018,70.4,
ESTAT:AEI_PS_INP(1.0),04/10/21 23:00:00,A,HIGH_INP,PC_AREA,BG,2019,72,
ESTAT:AEI_PS_INP(1.0),04/10/21 23:00:00,A,HIGH_INP,PC_AREA,CY,2005,41,
ESTAT:AEI_PS_INP(1.0),04/10/21 23:00:00,A,HIGH_INP,PC_AREA,CY,2006,43.3,
ESTAT:AEI_PS_INP(1.0),04/10/21 23:00:00,A,HIGH_INP,PC_AREA,CY,2007,35.8,
ESTAT:AEI_PS_INP(1.0),04/10/21 23:00:00,A,HIGH_INP,PC_AREA,CY,2008,37.7,
ESTAT:AEI_PS_INP(1.0),04/10/21 23:00:00,A,HIGH_INP,PC_AREA,CY,2009,37.3,
ESTAT:AEI_PS_INP(1.0),04/10/21 23:00:00,A,HIGH_INP,PC_AREA,CY,2010,33.3,
ESTAT:AEI_PS_INP(1.0),04/10/21 23:00:00,A,HIGH_INP,PC_AREA,CY,2011,34.2,
ESTAT:AEI_PS_INP(1.0),04/10/21 23:00:00,A,HIGH_INP,PC_AREA,CY,2012,36.2,
ESTAT:AEI_PS_INP(1.0),04/10/21 23:00:00,A,HIGH_INP,PC_AREA,CY,2013,31.2,
ESTAT:AEI_PS_INP(1.0),04/10/21 23:00:00,A,HIGH_INP,PC_AREA,CY,2014,24.7,
ESTAT:AEI_PS_INP(1.0),04/10/21 23:00:00,A,HIGH_INP,PC_AREA,CY,2015,27.3,
ESTAT:AEI_PS_INP(1.0),04/10/21 23:00:00,A,HIGH_INP,PC_AREA,CY,2016,8.3,
ESTAT:AEI_PS_INP(1.0),04/10/21 23:00:00,A,HIGH_INP,PC_AREA,CY,2017,13.2,
ESTAT:AEI_PS_INP(1.0),04/10/21 23:00:00,A,HIGH_INP,PC_AREA,CY,2018,15.4,
ESTAT:AEI_PS_INP(1.0),04/10/21 23:00:00,A,HIGH_INP,PC_AREA,CY,2019,17,
ESTAT:AEI_PS_INP(1.0),04/10/21 23:00:00,A,HIGH_INP,PC_AREA,CZ,2005,23.8,
ESTAT:AEI_PS_INP(1.0),04/10/21 23:00:00,A,HIGH_INP,PC_AREA,CZ,2006,27.3,
ESTAT:AEI_PS_INP(1.0),04/10/21 23:00:00,A,HIGH_INP,PC_AREA,CZ,2007,38.7,
ESTAT:AEI_PS_INP(1.0),04/10/21 23:00:00,A,HIGH_INP,PC_AREA,CZ,2008,36.7,
ESTAT:AEI_PS_INP(1.0),04/10/21 23:00:00,A,HIGH_INP,PC_AREA,CZ,2009,25.5,
ESTAT:AEI_PS_INP(1.0),04/10/21 23:00:00,A,HIGH_INP,PC_AREA,CZ,2010,33.3,
ESTAT:AEI_PS_INP(1.0),04/10/21 23:00:00,A,HIGH_INP,PC_AREA,CZ,2011,40.2,
ESTAT:AEI_PS_INP(1.0),04/10/21 23:00:00,A,HIGH_INP,PC_AREA,CZ,2012,37.9,
ESTAT:AEI_PS_INP(1.0),04/10/21 23:00:00,A,HIGH_INP,PC_AREA,CZ,2013,39.2,
ESTAT:AEI_PS_INP(1.0),04/10/21 23:00:00,A,HIGH_INP,PC_AREA,CZ,2014,40.4,
ESTAT:AEI_PS_INP(1.0),04/10/21 23:00:00,A,HIGH_INP,PC_AREA,CZ,2015,42.6,
ESTAT:AEI_PS_INP(1.0),04/10/21 23:00:00,A,HIGH_INP,PC_AREA,CZ,2016,44.3,
ESTAT:AEI_PS_INP(1.0),04/10/21 23:00:00,A,HIGH_INP,PC_AREA,CZ,2017,46.2,
ESTAT:AEI_PS_INP(1.0),04/10/21 23:00:00,A,HIGH_INP,PC_AREA,CZ,2018,45.8,
ESTAT:AEI_PS_INP(1.0),04/10/21 23:00:00,A,HIGH_INP,PC_AREA,CZ,2019,45.7,
ESTAT:AEI_PS_INP(1.0),04/10/21 23:00:00,A,HIGH_INP,PC_AREA,DE,2005,40.6,
ESTAT:AEI_PS_INP(1.0),04/10/21 23:00:00,A,HIGH_INP,PC_AREA,DE,2006,44.7,
ESTAT:AEI_PS_INP(1.0),04/10/21 23:00:00,A,HIGH_INP,PC_AREA,DE,2007,48.5,
ESTAT:AEI_PS_INP(1.0),04/10/21 23:00:00,A,HIGH_INP,PC_AREA,DE,2008,39.2,
ESTAT:AEI_PS_INP(1.0),04/10/21 23:00:00,A,HIGH_INP,PC_AREA,DE,2009,32.2,
ESTAT:AEI_PS_INP(1.0),04/10/21 23:00:00,A,HIGH_INP,PC_AREA,DE,2010,33.4,
ESTAT:AEI_PS_INP(1.0),04/10/21 23:00:00,A,HIGH_INP,PC_AREA,DE,2011,37.7,
ESTAT:AEI_PS_INP(1.0),04/10/21 23:00:00,A,HIGH_INP,PC_AREA,DE,2012,38.7,
ESTAT:AEI_PS_INP(1.0),04/10/21 23:00:00,A,HIGH_INP,PC_AREA,DE,2013,40.1,
ESTAT:AEI_PS_INP(1.0),04/10/21 23:00:00,A,HIGH_INP,PC_AREA,DE,2014,41,
ESTAT:AEI_PS_INP(1.0),04/10/21 23:00:00,A,HIGH_INP,PC_AREA,DE,2015,35.7,
ESTAT:AEI_PS_INP(1.0),04/10/21 23:00:00,A,HIGH_INP,PC_AREA,DE,2016,37.4,
ESTAT:AEI_PS_INP(1.0),04/10/21 23:00:00,A,HIGH_INP,PC_AREA,DE,2017,38.1,
ESTAT:AEI_PS_INP(1.0),04/10/21 23:00:00,A,HIGH_INP,PC_AREA,DE,2018,43.5,
ESTAT:AEI_PS_INP(1.0),04/10/21 23:00:00,A,HIGH_INP,PC_AREA,DE,2019,42.5,
ESTAT:AEI_PS_INP(1.0),04/10/21 23:00:00,A,HIGH_INP,PC_AREA,DK,2005,33.9,
ESTAT:AEI_PS_INP(1.0),04/10/21 23:00:00,A,HIGH_INP,PC_AREA,DK,2006,32.3,
ESTAT:AEI_PS_INP(1.0),04/10/21 23:00:00,A,HIGH_INP,PC_AREA,DK,2007,31.4,
ESTAT:AEI_PS_INP(1.0),04/10/21 23:00:00,A,HIGH_INP,PC_AREA,DK,2008,35.7,
ESTAT:AEI_PS_INP(1.0),04/10/21 23:00:00,A,HIGH_INP,PC_AREA,DK,2009,36.6,
ESTAT:AEI_PS_INP(1.0),04/10/21 23:00:00,A,HIGH_INP,PC_AREA,DK,2010,33.3,
ESTAT:AEI_PS_INP(1.0),04/10/21 23:00:00,A,HIGH_INP,PC_AREA,DK,2011,34.1,
ESTAT:AEI_PS_INP(1.0),04/10/21 23:00:00,A,HIGH_INP,PC_AREA,DK,2012,30.7,
ESTAT:AEI_PS_INP(1.0),04/10/21 23:00:00,A,HIGH_INP,PC_AREA,DK,2013,34.6,
ESTAT:AEI_PS_INP(1.0),04/10/21 23:00:00,A,HIGH_INP,PC_AREA,DK,2014,29.4,
ESTAT:AEI_PS_INP(1.0),04/10/21 23:00:00,A,HIGH_INP,PC_AREA,DK,2015,27.8,
ESTAT:AEI_PS_INP(1.0),04/10/21 23:00:00,A,HIGH_INP,PC_AREA,DK,2016,28.4,
ESTAT:AEI_PS_INP(1.0),04/10/21 23:00:00,A,HIGH_INP,PC_AREA,DK,2017,27.5,
ESTAT:AEI_PS_INP(1.0),04/10/21 23:00:00,A,HIGH_INP,PC_AREA,DK,2018,26.3,
ESTAT:AEI_PS_INP(1.0),04/10/21 23:00:00,A,HIGH_INP,PC_AREA,DK,2019,27.3,
ESTAT:AEI_PS_INP(1.0),04/10/21 23:00:00,A,HIGH_INP,PC_AREA,EE,2005,32.6,
ESTAT:AEI_PS_INP(1.0),04/10/21 23:00:00,A,HIGH_INP,PC_AREA,EE,2006,35.9,
ESTAT:AEI_PS_INP(1.0),04/10/21 23:00:00,A,HIGH_INP,PC_AREA,EE,2007,42.2,
ESTAT:AEI_PS_INP(1.0),04/10/21 23:00:00,A,HIGH_INP,PC_AREA,EE,2008,28.5,
ESTAT:AEI_PS_INP(1.0),04/10/21 23:00:00,A,HIGH_INP,PC_AREA,EE,2009,25,
ESTAT:AEI_PS_INP(1.0),04/10/21 23:00:00,A,HIGH_INP,PC_AREA,EE,2010,33.4,
ESTAT:AEI_PS_INP(1.0),04/10/21 23:00:00,A,HIGH_INP,PC_AREA,EE,2011,52.1,
ESTAT:AEI_PS_INP(1.0),04/10/21 23:00:00,A,HIGH_INP,PC_AREA,EE,2012,50.6,
ESTAT:AEI_PS_INP(1.0),04/10/21 23:00:00,A,HIGH_INP,PC_AREA,EE,2013,56.1,
ESTAT:AEI_PS_INP(1.0),04/10/21 23:00:00,A,HIGH_INP,PC_AREA,EE,2014,56.8,
ESTAT:AEI_PS_INP(1.0),04/10/21 23:00:00,A,HIGH_INP,PC_AREA,EE,2015,57,
ESTAT:AEI_PS_INP(1.0),04/10/21 23:00:00,A,HIGH_INP,PC_AREA,EE,2016,55.8,
ESTAT:AEI_PS_INP(1.0),04/10/21 23:00:00,A,HIGH_INP,PC_AREA,EE,2017,55.7,
ESTAT:AEI_PS_INP(1.0),04/10/21 23:00:00,A,HIGH_INP,PC_AREA,EE,2018,56.1,
ESTAT:AEI_PS_INP(1.0),04/10/21 23:00:00,A,HIGH_INP,PC_AREA,EE,2019,56,
ESTAT:AEI_PS_INP(1.0),04/10/21 23:00:00,A,HIGH_INP,PC_AREA,EL,2005,39.8,
ESTAT:AEI_PS_INP(1.0),04/10/21 23:00:00,A,HIGH_INP,PC_AREA,EL,2006,37.2,
ESTAT:AEI_PS_INP(1.0),04/10/21 23:00:00,A,HIGH_INP,PC_AREA,EL,2007,35.8,
ESTAT:AEI_PS_INP(1.0),04/10/21 23:00:00,A,HIGH_INP,PC_AREA,EL,2008,35.1,
ESTAT:AEI_PS_INP(1.0),04/10/21 23:00:00,A,HIGH_INP,PC_AREA,EL,2009,29.8,
ESTAT:AEI_PS_INP(1.0),04/10/21 23:00:00,A,HIGH_INP,PC_AREA,EL,2010,33.3,
ESTAT:AEI_PS_INP(1.0),04/10/21 23:00:00,A,HIGH_INP,PC_AREA,EL,2011,32.1,
ESTAT:AEI_PS_INP(1.0),04/10/21 23:00:00,A,HIGH_INP,PC_AREA,EL,2012,30.3,
ESTAT:AEI_PS_INP(1.0),04/10/21 23:00:00,A,HIGH_INP,PC_AREA,EL,2013,26.6,
ESTAT:AEI_PS_INP(1.0),04/10/21 23:00:00,A,HIGH_INP,PC_AREA,EL,2014,29.6,
ESTAT:AEI_PS_INP(1.0),04/10/21 23:00:00,A,HIGH_INP,PC_AREA,EL,2015,28.9,
ESTAT:AEI_PS_INP(1.0),04/10/21 23:00:00,A,HIGH_INP,PC_AREA,EL,2016,27.3,
ESTAT:AEI_PS_INP(1.0),04/10/21 23:00:00,A,HIGH_INP,PC_AREA,EL,2017,29.2,
ESTAT:AEI_PS_INP(1.0),04/10/21 23:00:00,A,HIGH_INP,PC_AREA,EL,2018,30.1,
ESTAT:AEI_PS_INP(1.0),04/10/21 23:00:00,A,HIGH_INP,PC_AREA,EL,2019,28.9,
ESTAT:AEI_PS_INP(1.0),04/10/21 23:00:00,A,HIGH_INP,PC_AREA,ES,2005,31.6,
ESTAT:AEI_PS_INP(1.0),04/10/21 23:00:00,A,HIGH_INP,PC_AREA,ES,2006,32.5,
ESTAT:AEI_PS_INP(1.0),04/10/21 23:00:00,A,HIGH_INP,PC_AREA,ES,2007,33,
ESTAT:AEI_PS_INP(1.0),04/10/21 23:00:00,A,HIGH_INP,PC_AREA,ES,2008,31.7,
ESTAT:AEI_PS_INP(1.0),04/10/21 23:00:00,A,HIGH_INP,PC_AREA,ES,2009,33,
ESTAT:AEI_PS_INP(1.0),04/10/21 23:00:00,A,HIGH_INP,PC_AREA,ES,2010,33.5,
ESTAT:AEI_PS_INP(1.0),04/10/21 23:00:00,A,HIGH_INP,PC_AREA,ES,2011,36.3,
ESTAT:AEI_PS_INP(1.0),04/10/21 23:00:00,A,HIGH_INP,PC_AREA,ES,2012,32.1,
ESTAT:AEI_PS_INP(1.0),04/10/21 23:00:00,A,HIGH_INP,PC_AREA,ES,2013,36.3,
ESTAT:AEI_PS_INP(1.0),04/10/21 23:00:00,A,HIGH_INP,PC_AREA,ES,2014,37.5,
ESTAT:AEI_PS_INP(1.0),04/10/21 23:00:00,A,HIGH_INP,PC_AREA,ES,2015,41.3,
ESTAT:AEI_PS_INP(1.0),04/10/21 23:00:00,A,HIGH_INP,PC_AREA,ES,2016,42.1,
ESTAT:AEI_PS_INP(1.0),04/10/21 23:00:00,A,HIGH_INP,PC_AREA,ES,2017,41.6,
ESTAT:AEI_PS_INP(1.0),04/10/21 23:00:00,A,HIGH_INP,PC_AREA,ES,2018,42.5,
ESTAT:AEI_PS_INP(1.0),04/10/21 23:00:00,A,HIGH_INP,PC_AREA,ES,2019,40.8,
ESTAT:AEI_PS_INP(1.0),04/10/21 23:00:00,A,HIGH_INP,PC_AREA,FI,2005,43.1,
ESTAT:AEI_PS_INP(1.0),04/10/21 23:00:00,A,HIGH_INP,PC_AREA,FI,2006,38.2,
ESTAT:AEI_PS_INP(1.0),04/10/21 23:00:00,A,HIGH_INP,PC_AREA,FI,2007,34.8,
ESTAT:AEI_PS_INP(1.0),04/10/21 23:00:00,A,HIGH_INP,PC_AREA,FI,2008,32.6,
ESTAT:AEI_PS_INP(1.0),04/10/21 23:00:00,A,HIGH_INP,PC_AREA,FI,2009,41.1,
ESTAT:AEI_PS_INP(1.0),04/10/21 23:00:00,A,HIGH_INP,PC_AREA,FI,2010,33.3,
ESTAT:AEI_PS_INP(1.0),04/10/21 23:00:00,A,HIGH_INP,PC_AREA,FI,2011,30.3,
ESTAT:AEI_PS_INP(1.0),04/10/21 23:00:00,A,HIGH_INP,PC_AREA,FI,2012,27.3,
ESTAT:AEI_PS_INP(1.0),04/10/21 23:00:00,A,HIGH_INP,PC_AREA,FI,2013,28.7,
ESTAT:AEI_PS_INP(1.0),04/10/21 23:00:00,A,HIGH_INP,PC_AREA,FI,2014,30.3,
ESTAT:AEI_PS_INP(1.0),04/10/21 23:00:00,A,HIGH_INP,PC_AREA,FI,2015,28.1,
ESTAT:AEI_PS_INP(1.0),04/10/21 23:00:00,A,HIGH_INP,PC_AREA,FI,2016,29,
ESTAT:AEI_PS_INP(1.0),04/10/21 23:00:00,A,HIGH_INP,PC_AREA,FI,2017,28.9,
ESTAT:AEI_PS_INP(1.0),04/10/21 23:00:00,A,HIGH_INP,PC_AREA,FI,2018,26.7,
ESTAT:AEI_PS_INP(1.0),04/10/21 23:00:00,A,HIGH_INP,PC_AREA,FI,2019,26.4,
ESTAT:AEI_PS_INP(1.0),04/10/21 23:00:00,A,HIGH_INP,PC_AREA,FR,2005,32,
ESTAT:AEI_PS_INP(1.0),04/10/21 23:00:00,A,HIGH_INP,PC_AREA,FR,2006,30,
ESTAT:AEI_PS_INP(1.0),04/10/21 23:00:00,A,HIGH_INP,PC_AREA,FR,2007,33.1,
ESTAT:AEI_PS_INP(1.0),04/10/21 23:00:00,A,HIGH_INP,PC_AREA,FR,2008,36.6,
ESTAT:AEI_PS_INP(1.0),04/10/21 23:00:00,A,HIGH_INP,PC_AREA,FR,2009,34.5,
ESTAT:AEI_PS_INP(1.0),04/10/21 23:00:00,A,HIGH_INP,PC_AREA,FR,2010,33.4,
ESTAT:AEI_PS_INP(1.0),04/10/21 23:00:00,A,HIGH_INP,PC_AREA,FR,2011,33.7,
ESTAT:AEI_PS_INP(1.0),04/10/21 23:00:00,A,HIGH_INP,PC_AREA,FR,2012,38.6,
ESTAT:AEI_PS_INP(1.0),04/10/21 23:00:00,A,HIGH_INP,PC_AREA,FR,2013,41.7,
ESTAT:AEI_PS_INP(1.0),04/10/21 23:00:00,A,HIGH_INP,PC_AREA,FR,2014,43.9,
ESTAT:AEI_PS_INP(1.0),04/10/21 23:00:00,A,HIGH_INP,PC_AREA,FR,2015,40.1,
ESTAT:AEI_PS_INP(1.0),04/10/21 23:00:00,A,HIGH_INP,PC_AREA,FR,2016,41.2,
ESTAT:AEI_PS_INP(1.0),04/10/21 23:00:00,A,HIGH_INP,PC_AREA,FR,2017,36.2,
ESTAT:AEI_PS_INP(1.0),04/10/21 23:00:00,A,HIGH_INP,PC_AREA,FR,2018,37.6,
ESTAT:AEI_PS_INP(1.0),04/10/21 23:00:00,A,HIGH_INP,PC_AREA,FR,2019,37.4,
ESTAT:AEI_PS_INP(1.0),04/10/21 23:00:00,A,HIGH_INP,PC_AREA,HR,2013,33.5,
ESTAT:AEI_PS_INP(1.0),04/10/21 23:00:00,A,HIGH_INP,PC_AREA,HR,2014,35.4,
ESTAT:AEI_PS_INP(1.0),04/10/21 23:00:00,A,HIGH_INP,PC_AREA,HR,2015,30.9,
ESTAT:AEI_PS_INP(1.0),04/10/21 23:00:00,A,HIGH_INP,PC_AREA,HR,2016,40.7,
ESTAT:AEI_PS_INP(1.0),04/10/21 23:00:00,A,HIGH_INP,PC_AREA,HR,2017,43.8,
ESTAT:AEI_PS_INP(1.0),04/10/21 23:00:00,A,HIGH_INP,PC_AREA,HR,2018,52.2,
ESTAT:AEI_PS_INP(1.0),04/10/21 23:00:00,A,HIGH_INP,PC_AREA,HR,2019,52.9,
ESTAT:AEI_PS_INP(1.0),04/10/21 23:00:00,A,HIGH_INP,PC_AREA,HU,2005,45.1,
ESTAT:AEI_PS_INP(1.0),04/10/21 23:00:00,A,HIGH_INP,PC_AREA,HU,2006,40,
ESTAT:AEI_PS_INP(1.0),04/10/21 23:00:00,A,HIGH_INP,PC_AREA,HU,2007,47.9,
ESTAT:AEI_PS_INP(1.0),04/10/21 23:00:00,A,HIGH_INP,PC_AREA,HU,2008,48.4,
ESTAT:AEI_PS_INP(1.0),04/10/21 23:00:00,A,HIGH_INP,PC_AREA,HU,2009,39.5,
ESTAT:AEI_PS_INP(1.0),04/10/21 23:00:00,A,HIGH_INP,PC_AREA,HU,2010,33.2,
ESTAT:AEI_PS_INP(1.0),04/10/21 23:00:00,A,HIGH_INP,PC_AREA,HU,2011,39.9,
ESTAT:AEI_PS_INP(1.0),04/10/21 23:00:00,A,HIGH_INP,PC_AREA,HU,2012,41.2,
ESTAT:AEI_PS_INP(1.0),04/10/21 23:00:00,A,HIGH_INP,PC_AREA,HU,2013,43.6,
ESTAT:AEI_PS_INP(1.0),04/10/21 23:00:00,A,HIGH_INP,PC_AREA,HU,2014,43.3,
ESTAT:AEI_PS_INP(1.0),04/10/21 23:00:00,A,HIGH_INP,PC_AREA,HU,2015,36.4,
ESTAT:AEI_PS_INP(1.0),04/10/21 23:00:00,A,HIGH_INP,PC_AREA,HU,2016,42.7,
ESTAT:AEI_PS_INP(1.0),04/10/21 23:00:00,A,HIGH_INP,PC_AREA,HU,2017,42.9,
ESTAT:AEI_PS_INP(1.0),04/10/21 23:00:00,A,HIGH_INP,PC_AREA,HU,2018,37.7,
ESTAT:AEI_PS_INP(1.0),04/10/21 23:00:00,A,HIGH_INP,PC_AREA,HU,2019,40.1,
ESTAT:AEI_PS_INP(1.0),04/10/21 23:00:00,A,HIGH_INP,PC_AREA,IE,2005,32.9,
ESTAT:AEI_PS_INP(1.0),04/10/21 23:00:00,A,HIGH_INP,PC_AREA,IE,2006,32.6,
ESTAT:AEI_PS_INP(1.0),04/10/21 23:00:00,A,HIGH_INP,PC_AREA,IE,2007,27.3,
ESTAT:AEI_PS_INP(1.0),04/10/21 23:00:00,A,HIGH_INP,PC_AREA,IE,2008,26.6,
ESTAT:AEI_PS_INP(1.0),04/10/21 23:00:00,A,HIGH_INP,PC_AREA,IE,2009,30,
ESTAT:AEI_PS_INP(1.0),04/10/21 23:00:00,A,HIGH_INP,PC_AREA,IE,2010,33.5,
ESTAT:AEI_PS_INP(1.0),04/10/21 23:00:00,A,HIGH_INP,PC_AREA,IE,2011,32.6,
ESTAT:AEI_PS_INP(1.0),04/10/21 23:00:00,A,HIGH_INP,PC_AREA,IE,2012,38.3,
ESTAT:AEI_PS_INP(1.0),04/10/21 23:00:00,A,HIGH_INP,PC_AREA,IE,2013,42.7,
ESTAT:AEI_PS_INP(1.0),04/10/21 23:00:00,A,HIGH_INP,PC_AREA,IE,2014,37.4,
ESTAT:AEI_PS_INP(1.0),04/10/21 23:00:00,A,HIGH_INP,PC_AREA,IE,2015,38.8,
ESTAT:AEI_PS_INP(1.0),04/10/21 23:00:00,A,HIGH_INP,PC_AREA,IE,2016,41,
ESTAT:AEI_PS_INP(1.0),04/10/21 23:00:00,A,HIGH_INP,PC_AREA,IE,2017,41.3,
ESTAT:AEI_PS_INP(1.0),04/10/21 23:00:00,A,HIGH_INP,PC_AREA,IE,2018,44.8,
ESTAT:AEI_PS_INP(1.0),04/10/21 23:00:00,A,HIGH_INP,PC_AREA,IE,2019,40,
ESTAT:AEI_PS_INP(1.0),04/10/21 23:00:00,A,HIGH_INP,PC_AREA,IT,2005,39.2,
ESTAT:AEI_PS_INP(1.0),04/10/21 23:00:00,A,HIGH_INP,PC_AREA,IT,2006,36.3,
ESTAT:AEI_PS_INP(1.0),04/10/21 23:00:00,A,HIGH_INP,PC_AREA,IT,2007,37.5,
ESTAT:AEI_PS_INP(1.0),04/10/21 23:00:00,A,HIGH_INP,PC_AREA,IT,2008,30.4,
ESTAT:AEI_PS_INP(1.0),04/10/21 23:00:00,A,HIGH_INP,PC_AREA,IT,2009,32.7,
ESTAT:AEI_PS_INP(1.0),04/10/21 23:00:00,A,HIGH_INP,PC_AREA,IT,2010,33.3,
ESTAT:AEI_PS_INP(1.0),04/10/21 23:00:00,A,HIGH_INP,PC_AREA,IT,2011,33.7,
ESTAT:AEI_PS_INP(1.0),04/10/21 23:00:00,A,HIGH_INP,PC_AREA,IT,2012,35.7,
ESTAT:AEI_PS_INP(1.0),04/10/21 23:00:00,A,HIGH_INP,PC_AREA,IT,2013,34.3,
ESTAT:AEI_PS_INP(1.0),04/10/21 23:00:00,A,HIGH_INP,PC_AREA,IT,2014,34.7,
ESTAT:AEI_PS_INP(1.0),04/10/21 23:00:00,A,HIGH_INP,PC_AREA,IT,2015,35.8,
ESTAT:AEI_PS_INP(1.0),04/10/21 23:00:00,A,HIGH_INP,PC_AREA,IT,2016,34.9,
ESTAT:AEI_PS_INP(1.0),04/10/21 23:00:00,A,HIGH_INP,PC_AREA,IT,2017,34,
ESTAT:AEI_PS_INP(1.0),04/10/21 23:00:00,A,HIGH_INP,PC_AREA,IT,2018,32.9,
ESTAT:AEI_PS_INP(1.0),04/10/21 23:00:00,A,HIGH_INP,PC_AREA,IT,2019,33.8,
ESTAT:AEI_PS_INP(1.0),04/10/21 23:00:00,A,HIGH_INP,PC_AREA,LT,2005,21.8,
ESTAT:AEI_PS_INP(1.0),04/10/21 23:00:00,A,HIGH_INP,PC_AREA,LT,2006,25.5,
ESTAT:AEI_PS_INP(1.0),04/10/21 23:00:00,A,HIGH_INP,PC_AREA,LT,2007,33.5,
ESTAT:AEI_PS_INP(1.0),04/10/21 23:00:00,A,HIGH_INP,PC_AREA,LT,2008,29.4,
ESTAT:AEI_PS_INP(1.0),04/10/21 23:00:00,A,HIGH_INP,PC_AREA,LT,2009,33.3,
ESTAT:AEI_PS_INP(1.0),04/10/21 23:00:00,A,HIGH_INP,PC_AREA,LT,2010,33.4,
ESTAT:AEI_PS_INP(1.0),04/10/21 23:00:00,A,HIGH_INP,PC_AREA,LT,2011,31.3,
ESTAT:AEI_PS_INP(1.0),04/10/21 23:00:00,A,HIGH_INP,PC_AREA,LT,2012,34.8,
ESTAT:AEI_PS_INP(1.0),04/10/21 23:00:00,A,HIGH_INP,PC_AREA,LT,2013,35,
ESTAT:AEI_PS_INP(1.0),04/10/21 23:00:00,A,HIGH_INP,PC_AREA,LT,2014,39.2,
ESTAT:AEI_PS_INP(1.0),04/10/21 23:00:00,A,HIGH_INP,PC_AREA,LT,2015,43.8,
ESTAT:AEI_PS_INP(1.0),04/10/21 23:00:00,A,HIGH_INP,PC_AREA,LT,2016,45.7,
ESTAT:AEI_PS_INP(1.0),04/10/21 23:00:00,A,HIGH_INP,PC_AREA,LT,2017,44.3,
ESTAT:AEI_PS_INP(1.0),04/10/21 23:00:00,A,HIGH_INP,PC_AREA,LT,2018,43.7,
ESTAT:AEI_PS_INP(1.0),04/10/21 23:00:00,A,HIGH_INP,PC_AREA,LT,2019,46.1,
ESTAT:AEI_PS_INP(1.0),04/10/21 23:00:00,A,HIGH_INP,PC_AREA,LU,2005,32.9,
ESTAT:AEI_PS_INP(1.0),04/10/21 23:00:00,A,HIGH_INP,PC_AREA,LU,2006,30.9,
ESTAT:AEI_PS_INP(1.0),04/10/21 23:00:00,A,HIGH_INP,PC_AREA,LU,2007,34.7,
ESTAT:AEI_PS_INP(1.0),04/10/21 23:00:00,A,HIGH_INP,PC_AREA,LU,2008,31.5,
ESTAT:AEI_PS_INP(1.0),04/10/21 23:00:00,A,HIGH_INP,PC_AREA,LU,2009,35,
ESTAT:AEI_PS_INP(1.0),04/10/21 23:00:00,A,HIGH_INP,PC_AREA,LU,2010,33.2,
ESTAT:AEI_PS_INP(1.0),04/10/21 23:00:00,A,HIGH_INP,PC_AREA,LU,2011,39.7,
ESTAT:AEI_PS_INP(1.0),04/10/21 23:00:00,A,HIGH_INP,PC_AREA,LU,2012,40.2,
ESTAT:AEI_PS_INP(1.0),04/10/21 23:00:00,A,HIGH_INP,PC_AREA,LU,2013,42.5,
ESTAT:AEI_PS_INP(1.0),04/10/21 23:00:00,A,HIGH_INP,PC_AREA,LU,2014,37,
ESTAT:AEI_PS_INP(1.0),04/10/21 23:00:00,A,HIGH_INP,PC_AREA,LU,2015,39.6,
ESTAT:AEI_PS_INP(1.0),04/10/21 23:00:00,A,HIGH_INP,PC_AREA,LU,2016,45.9,
ESTAT:AEI_PS_INP(1.0),04/10/21 23:00:00,A,HIGH_INP,PC_AREA,LU,2017,49.6,
ESTAT:AEI_PS_INP(1.0),04/10/21 23:00:00,A,HIGH_INP,PC_AREA,LU,2018,49.3,
ESTAT:AEI_PS_INP(1.0),04/10/21 23:00:00,A,HIGH_INP,PC_AREA,LU,2019,50.4,
ESTAT:AEI_PS_INP(1.0),04/10/21 23:00:00,A,HIGH_INP,PC_AREA,LV,2005,25.6,
ESTAT:AEI_PS_INP(1.0),04/10/21 23:00:00,A,HIGH_INP,PC_AREA,LV,2006,27.9,
ESTAT:AEI_PS_INP(1.0),04/10/21 23:00:00,A,HIGH_INP,PC_AREA,LV,2007,31.6,
ESTAT:AEI_PS_INP(1.0),04/10/21 23:00:00,A,HIGH_INP,PC_AREA,LV,2008,31.8,
ESTAT:AEI_PS_INP(1.0),04/10/21 23:00:00,A,HIGH_INP,PC_AREA,LV,2009,30,
ESTAT:AEI_PS_INP(1.0),04/10/21 23:00:00,A,HIGH_INP,PC_AREA,LV,2010,33.5,
ESTAT:AEI_PS_INP(1.0),04/10/21 23:00:00,A,HIGH_INP,PC_AREA,LV,2011,35.7,
ESTAT:AEI_PS_INP(1.0),04/10/21 23:00:00,A,HIGH_INP,PC_AREA,LV,2012,39.3,
ESTAT:AEI_PS_INP(1.0),04/10/21 23:00:00,A,HIGH_INP,PC_AREA,LV,2013,43.5,
ESTAT:AEI_PS_INP(1.0),04/10/21 23:00:00,A,HIGH_INP,PC_AREA,LV,2014,45.2,
ESTAT:AEI_PS_INP(1.0),04/10/21 23:00:00,A,HIGH_INP,PC_AREA,LV,2015,47.2,
ESTAT:AEI_PS_INP(1.0),04/10/21 23:00:00,A,HIGH_INP,PC_AREA,LV,2016,47.4,
ESTAT:AEI_PS_INP(1.0),04/10/21 23:00:00,A,HIGH_INP,PC_AREA,LV,2017,50.4,
ESTAT:AEI_PS_INP(1.0),04/10/21 23:00:00,A,HIGH_INP,PC_AREA,LV,2018,51.7,
ESTAT:AEI_PS_INP(1.0),04/10/21 23:00:00,A,HIGH_INP,PC_AREA,LV,2019,52.5,
ESTAT:AEI_PS_INP(1.0),04/10/21 23:00:00,A,HIGH_INP,PC_AREA,MT,2005,45.4,
ESTAT:AEI_PS_INP(1.0),04/10/21 23:00:00,A,HIGH_INP,PC_AREA,MT,2006,40.2,
ESTAT:AEI_PS_INP(1.0),04/10/21 23:00:00,A,HIGH_INP,PC_AREA,MT,2007,37.4,
ESTAT:AEI_PS_INP(1.0),04/10/21 23:00:00,A,HIGH_INP,PC_AREA,MT,2008,48.4,
ESTAT:AEI_PS_INP(1.0),04/10/21 23:00:00,A,HIGH_INP,PC_AREA,MT,2009,39.4,
ESTAT:AEI_PS_INP(1.0),04/10/21 23:00:00,A,HIGH_INP,PC_AREA,MT,2010,33.4,
ESTAT:AEI_PS_INP(1.0),04/10/21 23:00:00,A,HIGH_INP,PC_AREA,MT,2011,31.4,
ESTAT:AEI_PS_INP(1.0),04/10/21 23:00:00,A,HIGH_INP,PC_AREA,MT,2012,31.5,
ESTAT:AEI_PS_INP(1.0),04/10/21 23:00:00,A,HIGH_INP,PC_AREA,MT,2013,32.7,
ESTAT:AEI_PS_INP(1.0),04/10/21 23:00:00,A,HIGH_INP,PC_AREA,MT,2014,31.1,
ESTAT:AEI_PS_INP(1.0),04/10/21 23:00:00,A,HIGH_INP,PC_AREA,MT,2015,30.5,
ESTAT:AEI_PS_INP(1.0),04/10/21 23:00:00,A,HIGH_INP,PC_AREA,MT,2016,34.5,
ESTAT:AEI_PS_INP(1.0),04/10/21 23:00:00,A,HIGH_INP,PC_AREA,MT,2017,29.9,
ESTAT:AEI_PS_INP(1.0),04/10/21 23:00:00,A,HIGH_INP,PC_AREA,MT,2018,26.9,
ESTAT:AEI_PS_INP(1.0),04/10/21 23:00:00,A,HIGH_INP,PC_AREA,MT,2019,28.2,
ESTAT:AEI_PS_INP(1.0),04/10/21 23:00:00,A,HIGH_INP,PC_AREA,NL,2005,26.2,
ESTAT:AEI_PS_INP(1.0),04/10/21 23:00:00,A,HIGH_INP,PC_AREA,NL,2006,28,
ESTAT:AEI_PS_INP(1.0),04/10/21 23:00:00,A,HIGH_INP,PC_AREA,NL,2007,27.7,
ESTAT:AEI_PS_INP(1.0),04/10/21 23:00:00,A,HIGH_INP,PC_AREA,NL,2008,35.9,
ESTAT:AEI_PS_INP(1.0),04/10/21 23:00:00,A,HIGH_INP,PC_AREA,NL,2009,34.6,
ESTAT:AEI_PS_INP(1.0),04/10/21 23:00:00,A,HIGH_INP,PC_AREA,NL,2010,33.4,
ESTAT:AEI_PS_INP(1.0),04/10/21 23:00:00,A,HIGH_INP,PC_AREA,NL,2011,34.4,
ESTAT:AEI_PS_INP(1.0),04/10/21 23:00:00,A,HIGH_INP,PC_AREA,NL,2012,40.4,
ESTAT:AEI_PS_INP(1.0),04/10/21 23:00:00,A,HIGH_INP,PC_AREA,NL,2013,45,
ESTAT:AEI_PS_INP(1.0),04/10/21 23:00:00,A,HIGH_INP,PC_AREA,NL,2014,45.6,
ESTAT:AEI_PS_INP(1.0),04/10/21 23:00:00,A,HIGH_INP,PC_AREA,NL,2015,49.9,
ESTAT:AEI_PS_INP(1.0),04/10/21 23:00:00,A,HIGH_INP,PC_AREA,NL,2016,52.2,
ESTAT:AEI_PS_INP(1.0),04/10/21 23:00:00,A,HIGH_INP,PC_AREA,NL,2017,54.3,
ESTAT:AEI_PS_INP(1.0),04/10/21 23:00:00,A,HIGH_INP,PC_AREA,NL,2018,51,
ESTAT:AEI_PS_INP(1.0),04/10/21 23:00:00,A,HIGH_INP,PC_AREA,NL,2019,49.1,
ESTAT:AEI_PS_INP(1.0),04/10/21 23:00:00,A,HIGH_INP,PC_AREA,PL,2005,34.2,
ESTAT:AEI_PS_INP(1.0),04/10/21 23:00:00,A,HIGH_INP,PC_AREA,PL,2006,37.6,
ESTAT:AEI_PS_INP(1.0),04/10/21 23:00:00,A,HIGH_INP,PC_AREA,PL,2007,40.3,
ESTAT:AEI_PS_INP(1.0),04/10/21 23:00:00,A,HIGH_INP,PC_AREA,PL,2008,40.1,
ESTAT:AEI_PS_INP(1.0),04/10/21 23:00:00,A,HIGH_INP,PC_AREA,PL,2009,29.4,
ESTAT:AEI_PS_INP(1.0),04/10/21 23:00:00,A,HIGH_INP,PC_AREA,PL,2010,33.3,
ESTAT:AEI_PS_INP(1.0),04/10/21 23:00:00,A,HIGH_INP,PC_AREA,PL,2011,31.4,
ESTAT:AEI_PS_INP(1.0),04/10/21 23:00:00,A,HIGH_INP,PC_AREA,PL,2012,31.4,
ESTAT:AEI_PS_INP(1.0),04/10/21 23:00:00,A,HIGH_INP,PC_AREA,PL,2013,32.6,
ESTAT:AEI_PS_INP(1.0),04/10/21 23:00:00,A,HIGH_INP,PC_AREA,PL,2014,35,
ESTAT:AEI_PS_INP(1.0),04/10/21 23:00:00,A,HIGH_INP,PC_AREA,PL,2015,34.2,
ESTAT:AEI_PS_INP(1.0),04/10/21 23:00:00,A,HIGH_INP,PC_AREA,PL,2016,32.6,
ESTAT:AEI_PS_INP(1.0),04/10/21 23:00:00,A,HIGH_INP,PC_AREA,PL,2017,32,
ESTAT:AEI_PS_INP(1.0),04/10/21 23:00:00,A,HIGH_INP,PC_AREA,PL,2018,31.7,
ESTAT:AEI_PS_INP(1.0),04/10/21 23:00:00,A,HIGH_INP,PC_AREA,PL,2019,30.6,
ESTAT:AEI_PS_INP(1.0),04/10/21 23:00:00,A,HIGH_INP,PC_AREA,PT,2005,42.9,
ESTAT:AEI_PS_INP(1.0),04/10/21 23:00:00,A,HIGH_INP,PC_AREA,PT,2006,37,
ESTAT:AEI_PS_INP(1.0),04/10/21 23:00:00,A,HIGH_INP,PC_AREA,PT,2007,38.6,
ESTAT:AEI_PS_INP(1.0),04/10/21 23:00:00,A,HIGH_INP,PC_AREA,PT,2008,37.2,
ESTAT:AEI_PS_INP(1.0),04/10/21 23:00:00,A,HIGH_INP,PC_AREA,PT,2009,35.5,
ESTAT:AEI_PS_INP(1.0),04/10/21 23:00:00,A,HIGH_INP,PC_AREA,PT,2010,33.4,
ESTAT:AEI_PS_INP(1.0),04/10/21 23:00:00,A,HIGH_INP,PC_AREA,PT,2011,32.7,
ESTAT:AEI_PS_INP(1.0),04/10/21 23:00:00,A,HIGH_INP,PC_AREA,PT,2012,31.2,
ESTAT:AEI_PS_INP(1.0),04/10/21 23:00:00,A,HIGH_INP,PC_AREA,PT,2013,30.4,
ESTAT:AEI_PS_INP(1.0),04/10/21 23:00:00,A,HIGH_INP,PC_AREA,PT,2014,34.6,
ESTAT:AEI_PS_INP(1.0),04/10/21 23:00:00,A,HIGH_INP,PC_AREA,PT,2015,39.5,
ESTAT:AEI_PS_INP(1.0),04/10/21 23:00:00,A,HIGH_INP,PC_AREA,PT,2016,40.3,
ESTAT:AEI_PS_INP(1.0),04/10/21 23:00:00,A,HIGH_INP,PC_AREA,PT,2017,38.5,
ESTAT:AEI_PS_INP(1.0),04/10/21 23:00:00,A,HIGH_INP,PC_AREA,PT,2018,45.1,
ESTAT:AEI_PS_INP(1.0),04/10/21 23:00:00,A,HIGH_INP,PC_AREA,PT,2019,40.5,
ESTAT:AEI_PS_INP(1.0),04/10/21 23:00:00,A,HIGH_INP,PC_AREA,RO,2007,47.6,
ESTAT:AEI_PS_INP(1.0),04/10/21 23:00:00,A,HIGH_INP,PC_AREA,RO,2008,36.2,
ESTAT:AEI_PS_INP(1.0),04/10/21 23:00:00,A,HIGH_INP,PC_AREA,RO,2009,27.7,
ESTAT:AEI_PS_INP(1.0),04/10/21 23:00:00,A,HIGH_INP,PC_AREA,RO,2010,33.6,
ESTAT:AEI_PS_INP(1.0),04/10/21 23:00:00,A,HIGH_INP,PC_AREA,RO,2011,33.1,
ESTAT:AEI_PS_INP(1.0),04/10/21 23:00:00,A,HIGH_INP,PC_AREA,RO,2012,25.9,
ESTAT:AEI_PS_INP(1.0),04/10/21 23:00:00,A,HIGH_INP,PC_AREA,RO,2013,37.3,
ESTAT:AEI_PS_INP(1.0),04/10/21 23:00:00,A,HIGH_INP,PC_AREA,RO,2014,43.9,
ESTAT:AEI_PS_INP(1.0),04/10/21 23:00:00,A,HIGH_INP,PC_AREA,RO,2015,49.2,
ESTAT:AEI_PS_INP(1.0),04/10/21 23:00:00,A,HIGH_INP,PC_AREA,RO,2016,53.5,
ESTAT:AEI_PS_INP(1.0),04/10/21 23:00:00,A,HIGH_INP,PC_AREA,RO,2017,51.9,
ESTAT:AEI_PS_INP(1.0),04/10/21 23:00:00,A,HIGH_INP,PC_AREA,RO,2018,77.7,
ESTAT:AEI_PS_INP(1.0),04/10/21 23:00:00,A,HIGH_INP,PC_AREA,RO,2019,72.3,
ESTAT:AEI_PS_INP(1.0),04/10/21 23:00:00,A,HIGH_INP,PC_AREA,SE,2005,35.6,
ESTAT:AEI_PS_INP(1.0),04/10/21 23:00:00,A,HIGH_INP,PC_AREA,SE,2006,36.6,
ESTAT:AEI_PS_INP(1.0),04/10/21 23:00:00,A,HIGH_INP,PC_AREA,SE,2007,36,
ESTAT:AEI_PS_INP(1.0),04/10/21 23:00:00,A,HIGH_INP,PC_AREA,SE,2008,31.4,
ESTAT:AEI_PS_INP(1.0),04/10/21 23:00:00,A,HIGH_INP,PC_AREA,SE,2009,30.7,
ESTAT:AEI_PS_INP(1.0),04/10/21 23:00:00,A,HIGH_INP,PC_AREA,SE,2010,33.3,
ESTAT:AEI_PS_INP(1.0),04/10/21 23:00:00,A,HIGH_INP,PC_AREA,SE,2011,34.2,
ESTAT:AEI_PS_INP(1.0),04/10/21 23:00:00,A,HIGH_INP,PC_AREA,SE,2012,41.6,
ESTAT:AEI_PS_INP(1.0),04/10/21 23:00:00,A,HIGH_INP,PC_AREA,SE,2013,41,
ESTAT:AEI_PS_INP(1.0),04/10/21 23:00:00,A,HIGH_INP,PC_AREA,SE,2014,39.7,
ESTAT:AEI_PS_INP(1.0),04/10/21 23:00:00,A,HIGH_INP,PC_AREA,SE,2015,34.4,
ESTAT:AEI_PS_INP(1.0),04/10/21 23:00:00,A,HIGH_INP,PC_AREA,SE,2016,34.7,
ESTAT:AEI_PS_INP(1.0),04/10/21 23:00:00,A,HIGH_INP,PC_AREA,SE,2017,32.7,
ESTAT:AEI_PS_INP(1.0),04/10/21 23:00:00,A,HIGH_INP,PC_AREA,SE,2018,28,
ESTAT:AEI_PS_INP(1.0),04/10/21 23:00:00,A,HIGH_INP,PC_AREA,SE,2019,33,
ESTAT:AEI_PS_INP(1.0),04/10/21 23:00:00,A,HIGH_INP,PC_AREA,SI,2005,32.9,
ESTAT:AEI_PS_INP(1.0),04/10/21 23:00:00,A,HIGH_INP,PC_AREA,SI,2006,35.2,
ESTAT:AEI_PS_INP(1.0),04/10/21 23:00:00,A,HIGH_INP,PC_AREA,SI,2007,36.3,
ESTAT:AEI_PS_INP(1.0),04/10/21 23:00:00,A,HIGH_INP,PC_AREA,SI,2008,35.1,
ESTAT:AEI_PS_INP(1.0),04/10/21 23:00:00,A,HIGH_INP,PC_AREA,SI,2009,37.9,
ESTAT:AEI_PS_INP(1.0),04/10/21 23:00:00,A,HIGH_INP,PC_AREA,SI,2010,33.1,
ESTAT:AEI_PS_INP(1.0),04/10/21 23:00:00,A,HIGH_INP,PC_AREA,SI,2011,34.4,
ESTAT:AEI_PS_INP(1.0),04/10/21 23:00:00,A,HIGH_INP,PC_AREA,SI,2012,34.7,
ESTAT:AEI_PS_INP(1.0),04/10/21 23:00:00,A,HIGH_INP,PC_AREA,SI,2013,32.5,
ESTAT:AEI_PS_INP(1.0),04/10/21 23:00:00,A,HIGH_INP,PC_AREA,SI,2014,31.8,
ESTAT:AEI_PS_INP(1.0),04/10/21 23:00:00,A,HIGH_INP,PC_AREA,SI,2015,29.2,
ESTAT:AEI_PS_INP(1.0),04/10/21 23:00:00,A,HIGH_INP,PC_AREA,SI,2016,31.2,
ESTAT:AEI_PS_INP(1.0),04/10/21 23:00:00,A,HIGH_INP,PC_AREA,SI,2017,30.8,
ESTAT:AEI_PS_INP(1.0),04/10/21 23:00:00,A,HIGH_INP,PC_AREA,SI,2018,30.1,
ESTAT:AEI_PS_INP(1.0),04/10/21 23:00:00,A,HIGH_INP,PC_AREA,SI,2019,31.8,
ESTAT:AEI_PS_INP(1.0),04/10/21 23:00:00,A,HIGH_INP,PC_AREA,SK,2005,28.5,
ESTAT:AEI_PS_INP(1.0),04/10/21 23:00:00,A,HIGH_INP,PC_AREA,SK,2006,33.4,
ESTAT:AEI_PS_INP(1.0),04/10/21 23:00:00,A,HIGH_INP,PC_AREA,SK,2007,43.2,
ESTAT:AEI_PS_INP(1.0),04/10/21 23:00:00,A,HIGH_INP,PC_AREA,SK,2008,55.8,
ESTAT:AEI_PS_INP(1.0),04/10/21 23:00:00,A,HIGH_INP,PC_AREA,SK,2009,37.6,
ESTAT:AEI_PS_INP(1.0),04/10/21 23:00:00,A,HIGH_INP,PC_AREA,SK,2010,33.3,
ESTAT:AEI_PS_INP(1.0),04/10/21 23:00:00,A,HIGH_INP,PC_AREA,SK,2011,48.7,
ESTAT:AEI_PS_INP(1.0),04/10/21 23:00:00,A,HIGH_INP,PC_AREA,SK,2012,53,
ESTAT:AEI_PS_INP(1.0),04/10/21 23:00:00,A,HIGH_INP,PC_AREA,SK,2013,57.6,
ESTAT:AEI_PS_INP(1.0),04/10/21 23:00:00,A,HIGH_INP,PC_AREA,SK,2014,61.8,
ESTAT:AEI_PS_INP(1.0),04/10/21 23:00:00,A,HIGH_INP,PC_AREA,SK,2015,56.6,
ESTAT:AEI_PS_INP(1.0),04/10/21 23:00:00,A,HIGH_INP,PC_AREA,SK,2016,60.6,
ESTAT:AEI_PS_INP(1.0),04/10/21 23:00:00,A,HIGH_INP,PC_AREA,SK,2017,57.8,
ESTAT:AEI_PS_INP(1.0),04/10/21 23:00:00,A,HIGH_INP,PC_AREA,SK,2018,56.3,
ESTAT:AEI_PS_INP(1.0),04/10/21 23:00:00,A,HIGH_INP,PC_AREA,SK,2019,54.9,
ESTAT:AEI_PS_INP(1.0),04/10/21 23:00:00,A,HIGH_INP,PC_AREA,UK,2005,48.4,
ESTAT:AEI_PS_INP(1.0),04/10/21 23:00:00,A,HIGH_INP,PC_AREA,UK,2006,47.6,
ESTAT:AEI_PS_INP(1.0),04/10/21 23:00:00,A,HIGH_INP,PC_AREA,UK,2007,44.4,
ESTAT:AEI_PS_INP(1.0),04/10/21 23:00:00,A,HIGH_INP,PC_AREA,UK,2008,27.9,
ESTAT:AEI_PS_INP(1.0),04/10/21 23:00:00,A,HIGH_INP,PC_AREA,UK,2009,34,
ESTAT:AEI_PS_INP(1.0),04/10/21 23:00:00,A,HIGH_INP,PC_AREA,UK,2010,33.2,
ESTAT:AEI_PS_INP(1.0),04/10/21 23:00:00,A,HIGH_INP,PC_AREA,UK,2011,32.2,
ESTAT:AEI_PS_INP(1.0),04/10/21 23:00:00,A,HIGH_INP,PC_AREA,UK,2012,40.3,
ESTAT:AEI_PS_INP(1.0),04/10/21 23:00:00,A,HIGH_INP,PC_AREA,UK,2013,36.7,
ESTAT:AEI_PS_INP(1.0),04/10/21 23:00:00,A,HIGH_INP,PC_AREA,UK,2014,39.8,
ESTAT:AEI_PS_INP(1.0),04/10/21 23:00:00,A,HIGH_INP,PC_AREA,UK,2015,41,
ESTAT:AEI_PS_INP(1.0),04/10/21 23:00:00,A,HIGH_INP,PC_AREA,UK,2016,40.3,
ESTAT:AEI_PS_INP(1.0),04/10/21 23:00:00,A,HIGH_INP,PC_AREA,UK,2017,34.3,
ESTAT:AEI_PS_INP(1.0),04/10/21 23:00:00,A,HIGH_INP,PC_AREA,UK,2018,31.7,
ESTAT:AEI_PS_INP(1.0),04/10/21 23:00:00,A,HIGH_INP,PC_AREA,UK,2019,32.3,
ESTAT:AEI_PS_INP(1.0),04/10/21 23:00:00,A,LOW_INP,PC_AREA,AT,2005,26,
ESTAT:AEI_PS_INP(1.0),04/10/21 23:00:00,A,LOW_INP,PC_AREA,AT,2006,28.4,
ESTAT:AEI_PS_INP(1.0),04/10/21 23:00:00,A,LOW_INP,PC_AREA,AT,2007,26.8,
ESTAT:AEI_PS_INP(1.0),04/10/21 23:00:00,A,LOW_INP,PC_AREA,AT,2008,27.7,
ESTAT:AEI_PS_INP(1.0),04/10/21 23:00:00,A,LOW_INP,PC_AREA,AT,2009,30.1,
ESTAT:AEI_PS_INP(1.0),04/10/21 23:00:00,A,LOW_INP,PC_AREA,AT,2010,33.2,
ESTAT:AEI_PS_INP(1.0),04/10/21 23:00:00,A,LOW_INP,PC_AREA,AT,2011,30.3,
ESTAT:AEI_PS_INP(1.0),04/10/21 23:00:00,A,LOW_INP,PC_AREA,AT,2012,33.8,
ESTAT:AEI_PS_INP(1.0),04/10/21 23:00:00,A,LOW_INP,PC_AREA,AT,2013,34,
ESTAT:AEI_PS_INP(1.0),04/10/21 23:00:00,A,LOW_INP,PC_AREA,AT,2014,26.3,
ESTAT:AEI_PS_INP(1.0),04/10/21 23:00:00,A,LOW_INP,PC_AREA,AT,2015,25.4,
ESTAT:AEI_PS_INP(1.0),04/10/21 23:00:00,A,LOW_INP,PC_AREA,AT,2016,25.5,
ESTAT:AEI_PS_INP(1.0),04/10/21 23:00:00,A,LOW_INP,PC_AREA,AT,2017,21.2,
ESTAT:AEI_PS_INP(1.0),04/10/21 23:00:00,A,LOW_INP,PC_AREA,AT,2018,20.9,
ESTAT:AEI_PS_INP(1.0),04/10/21 23:00:00,A,LOW_INP,PC_AREA,AT,2019,23.2,
ESTAT:AEI_PS_INP(1.0),04/10/21 23:00:00,A,LOW_INP,PC_AREA,BE,2005,33.6,
ESTAT:AEI_PS_INP(1.0),04/10/21 23:00:00,A,LOW_INP,PC_AREA,BE,2006,36,
ESTAT:AEI_PS_INP(1.0),04/10/21 23:00:00,A,LOW_INP,PC_AREA,BE,2007,32.1,
ESTAT:AEI_PS_INP(1.0),04/10/21 23:00:00,A,LOW_INP,PC_AREA,BE,2008,37.5,
ESTAT:AEI_PS_INP(1.0),04/10/21 23:00:00,A,LOW_INP,PC_AREA,BE,2009,34.6,
ESTAT:AEI_PS_INP(1.0),04/10/21 23:00:00,A,LOW_INP,PC_AREA,BE,2010,33.3,
ESTAT:AEI_PS_INP(1.0),04/10/21 23:00:00,A,LOW_INP,PC_AREA,BE,2011,33.6,
ESTAT:AEI_PS_INP(1.0),04/10/21 23:00:00,A,LOW_INP,PC_AREA,BE,2012,36.4,
ESTAT:AEI_PS_INP(1.0),04/10/21 23:00:00,A,LOW_INP,PC_AREA,BE,2013,43.5,
ESTAT:AEI_PS_INP(1.0),04/10/21 23:00:00,A,LOW_INP,PC_AREA,BE,2014,50.4,
ESTAT:AEI_PS_INP(1.0),04/10/21 23:00:00,A,LOW_INP,PC_AREA,BE,2015,60.2,
ESTAT:AEI_PS_INP(1.0),04/10/21 23:00:00,A,LOW_INP,PC_AREA,BE,2016,59.1,
ESTAT:AEI_PS_INP(1.0),04/10/21 23:00:00,A,LOW_INP,PC_AREA,BE,2017,63.5,
ESTAT:AEI_PS_INP(1.0),04/10/21 23:00:00,A,LOW_INP,PC_AREA,BE,2018,63.1,
ESTAT:AEI_PS_INP(1.0),04/10/21 23:00:00,A,LOW_INP,PC_AREA,BE,2019,62.9,
ESTAT:AEI_PS_INP(1.0),04/10/21 23:00:00,A,LOW_INP,PC_AREA,BG,2007,50.3,
ESTAT:AEI_PS_INP(1.0),04/10/21 23:00:00,A,LOW_INP,PC_AREA,BG,2008,38.7,
ESTAT:AEI_PS_INP(1.0),04/10/21 23:00:00,A,LOW_INP,PC_AREA,BG,2009,31.8,
ESTAT:AEI_PS_INP(1.0),04/10/21 23:00:00,A,LOW_INP,PC_AREA,BG,2010,33.1,
ESTAT:AEI_PS_INP(1.0),04/10/21 23:00:00,A,LOW_INP,PC_AREA,BG,2011,29.7,
ESTAT:AEI_PS_INP(1.0),04/10/21 23:00:00,A,LOW_INP,PC_AREA,BG,2012,20.7,
ESTAT:AEI_PS_INP(1.0),04/10/21 23:00:00,A,LOW_INP,PC_AREA,BG,2013,15.4,
ESTAT:AEI_PS_INP(1.0),04/10/21 23:00:00,A,LOW_INP,PC_AREA,BG,2014,11.7,
ESTAT:AEI_PS_INP(1.0),04/10/21 23:00:00,A,LOW_INP,PC_AREA,BG,2015,11.3,
ESTAT:AEI_PS_INP(1.0),04/10/21 23:00:00,A,LOW_INP,PC_AREA,BG,2016,10.4,
ESTAT:AEI_PS_INP(1.0),04/10/21 23:00:00,A,LOW_INP,PC_AREA,BG,2017,10.5,
ESTAT:AEI_PS_INP(1.0),04/10/21 23:00:00,A,LOW_INP,PC_AREA,BG,2018,12.8,
ESTAT:AEI_PS_INP(1.0),04/10/21 23:00:00,A,LOW_INP,PC_AREA,BG,2019,13.2,
ESTAT:AEI_PS_INP(1.0),04/10/21 23:00:00,A,LOW_INP,PC_AREA,CY,2005,33.3,
ESTAT:AEI_PS_INP(1.0),04/10/21 23:00:00,A,LOW_INP,PC_AREA,CY,2006,33.1,
ESTAT:AEI_PS_INP(1.0),04/10/21 23:00:00,A,LOW_INP,PC_AREA,CY,2007,41.6,
ESTAT:AEI_PS_INP(1.0),04/10/21 23:00:00,A,LOW_INP,PC_AREA,CY,2008,34.7,
ESTAT:AEI_PS_INP(1.0),04/10/21 23:00:00,A,LOW_INP,PC_AREA,CY,2009,22.5,
ESTAT:AEI_PS_INP(1.0),04/10/21 23:00:00,A,LOW_INP,PC_AREA,CY,2010,32.9,
ESTAT:AEI_PS_INP(1.0),04/10/21 23:00:00,A,LOW_INP,PC_AREA,CY,2011,32.2,
ESTAT:AEI_PS_INP(1.0),04/10/21 23:00:00,A,LOW_INP,PC_AREA,CY,2012,28.8,
ESTAT:AEI_PS_INP(1.0),04/10/21 23:00:00,A,LOW_INP,PC_AREA,CY,2013,32.7,
ESTAT:AEI_PS_INP(1.0),04/10/21 23:00:00,A,LOW_INP,PC_AREA,CY,2014,46,
ESTAT:AEI_PS_INP(1.0),04/10/21 23:00:00,A,LOW_INP,PC_AREA,CY,2015,50.8,
ESTAT:AEI_PS_INP(1.0),04/10/21 23:00:00,A,LOW_INP,PC_AREA,CY,2016,65,
ESTAT:AEI_PS_INP(1.0),04/10/21 23:00:00,A,LOW_INP,PC_AREA,CY,2017,61.1,
ESTAT:AEI_PS_INP(1.0),04/10/21 23:00:00,A,LOW_INP,PC_AREA,CY,2018,55.5,
ESTAT:AEI_PS_INP(1.0),04/10/21 23:00:00,A,LOW_INP,PC_AREA,CY,2019,51.8,
ESTAT:AEI_PS_INP(1.0),04/10/21 23:00:00,A,LOW_INP,PC_AREA,CZ,2005,47,
ESTAT:AEI_PS_INP(1.0),04/10/21 23:00:00,A,LOW_INP,PC_AREA,CZ,2006,42.1,
ESTAT:AEI_PS_INP(1.0),04/10/21 23:00:00,A,LOW_INP,PC_AREA,CZ,2007,33.4,
ESTAT:AEI_PS_INP(1.0),04/10/21 23:00:00,A,LOW_INP,PC_AREA,CZ,2008,34,
ESTAT:AEI_PS_INP(1.0),04/10/21 23:00:00,A,LOW_INP,PC_AREA,CZ,2009,38.4,
ESTAT:AEI_PS_INP(1.0),04/10/21 23:00:00,A,LOW_INP,PC_AREA,CZ,2010,33.3,
ESTAT:AEI_PS_INP(1.0),04/10/21 23:00:00,A,LOW_INP,PC_AREA,CZ,2011,32.2,
ESTAT:AEI_PS_INP(1.0),04/10/21 23:00:00,A,LOW_INP,PC_AREA,CZ,2012,32.9,
ESTAT:AEI_PS_INP(1.0),04/10/21 23:00:00,A,LOW_INP,PC_AREA,CZ,2013,32.5,
ESTAT:AEI_PS_INP(1.0),04/10/21 23:00:00,A,LOW_INP,PC_AREA,CZ,2014,31.4,
ESTAT:AEI_PS_INP(1.0),04/10/21 23:00:00,A,LOW_INP,PC_AREA,CZ,2015,30.9,
ESTAT:AEI_PS_INP(1.0),04/10/21 23:00:00,A,LOW_INP,PC_AREA,CZ,2016,30.9,
ESTAT:AEI_PS_INP(1.0),04/10/21 23:00:00,A,LOW_INP,PC_AREA,CZ,2017,28.6,
ESTAT:AEI_PS_INP(1.0),04/10/21 23:00:00,A,LOW_INP,PC_AREA,CZ,2018,28.1,
ESTAT:AEI_PS_INP(1.0),04/10/21 23:00:00,A,LOW_INP,PC_AREA,CZ,2019,27.7,
ESTAT:AEI_PS_INP(1.0),04/10/21 23:00:00,A,LOW_INP,PC_AREA,DE,2005,23.3,
ESTAT:AEI_PS_INP(1.0),04/10/21 23:00:00,A,LOW_INP,PC_AREA,DE,2006,20.4,
ESTAT:AEI_PS_INP(1.0),04/10/21 23:00:00,A,LOW_INP,PC_AREA,DE,2007,19.2,
ESTAT:AEI_PS_INP(1.0),04/10/21 23:00:00,A,LOW_INP,PC_AREA,DE,2008,24.3,
ESTAT:AEI_PS_INP(1.0),04/10/21 23:00:00,A,LOW_INP,PC_AREA,DE,2009,33.8,
ESTAT:AEI_PS_INP(1.0),04/10/21 23:00:00,A,LOW_INP,PC_AREA,DE,2010,33.3,
ESTAT:AEI_PS_INP(1.0),04/10/21 23:00:00,A,LOW_INP,PC_AREA,DE,2011,28.2,
ESTAT:AEI_PS_INP(1.0),04/10/21 23:00:00,A,LOW_INP,PC_AREA,DE,2012,26.1,
ESTAT:AEI_PS_INP(1.0),04/10/21 23:00:00,A,LOW_INP,PC_AREA,DE,2013,25.8,
ESTAT:AEI_PS_INP(1.0),04/10/21 23:00:00,A,LOW_INP,PC_AREA,DE,2014,23.6,
ESTAT:AEI_PS_INP(1.0),04/10/21 23:00:00,A,LOW_INP,PC_AREA,DE,2015,29.8,
ESTAT:AEI_PS_INP(1.0),04/10/21 23:00:00,A,LOW_INP,PC_AREA,DE,2016,33.6,
ESTAT:AEI_PS_INP(1.0),04/10/21 23:00:00,A,LOW_INP,PC_AREA,DE,2017,35.2,
ESTAT:AEI_PS_INP(1.0),04/10/21 23:00:00,A,LOW_INP,PC_AREA,DE,2018,28.1,
ESTAT:AEI_PS_INP(1.0),04/10/21 23:00:00,A,LOW_INP,PC_AREA,DE,2019,28.4,
ESTAT:AEI_PS_INP(1.0),04/10/21 23:00:00,A,LOW_INP,PC_AREA,DK,2005,32.3,
ESTAT:AEI_PS_INP(1.0),04/10/21 23:00:00,A,LOW_INP,PC_AREA,DK,2006,31.6,
ESTAT:AEI_PS_INP(1.0),04/10/21 23:00:00,A,LOW_INP,PC_AREA,DK,2007,28.2,
ESTAT:AEI_PS_INP(1.0),04/10/21 23:00:00,A,LOW_INP,PC_AREA,DK,2008,31.8,
ESTAT:AEI_PS_INP(1.0),04/10/21 23:00:00,A,LOW_INP,PC_AREA,DK,2009,28.6,
ESTAT:AEI_PS_INP(1.0),04/10/21 23:00:00,A,LOW_INP,PC_AREA,DK,2010,33.3,
ESTAT:AEI_PS_INP(1.0),04/10/21 23:00:00,A,LOW_INP,PC_AREA,DK,2011,29.7,
ESTAT:AEI_PS_INP(1.0),04/10/21 23:00:00,A,LOW_INP,PC_AREA,DK,2012,27.6,
ESTAT:AEI_PS_INP(1.0),04/10/21 23:00:00,A,LOW_INP,PC_AREA,DK,2013,28.9,
ESTAT:AEI_PS_INP(1.0),04/10/21 23:00:00,A,LOW_INP,PC_AREA,DK,2014,39.8,
ESTAT:AEI_PS_INP(1.0),04/10/21 23:00:00,A,LOW_INP,PC_AREA,DK,2015,40.2,
ESTAT:AEI_PS_INP(1.0),04/10/21 23:00:00,A,LOW_INP,PC_AREA,DK,2016,39.3,
ESTAT:AEI_PS_INP(1.0),04/10/21 23:00:00,A,LOW_INP,PC_AREA,DK,2017,43.9,
ESTAT:AEI_PS_INP(1.0),04/10/21 23:00:00,A,LOW_INP,PC_AREA,DK,2018,45.9,
ESTAT:AEI_PS_INP(1.0),04/10/21 23:00:00,A,LOW_INP,PC_AREA,DK,2019,40.8,
ESTAT:AEI_PS_INP(1.0),04/10/21 23:00:00,A,LOW_INP,PC_AREA,EE,2005,28.7,
ESTAT:AEI_PS_INP(1.0),04/10/21 23:00:00,A,LOW_INP,PC_AREA,EE,2006,31,
ESTAT:AEI_PS_INP(1.0),04/10/21 23:00:00,A,LOW_INP,PC_AREA,EE,2007,27.3,
ESTAT:AEI_PS_INP(1.0),04/10/21 23:00:00,A,LOW_INP,PC_AREA,EE,2008,30.3,
ESTAT:AEI_PS_INP(1.0),04/10/21 23:00:00,A,LOW_INP,PC_AREA,EE,2009,36.7,
ESTAT:AEI_PS_INP(1.0),04/10/21 23:00:00,A,LOW_INP,PC_AREA,EE,2010,33,
ESTAT:AEI_PS_INP(1.0),04/10/21 23:00:00,A,LOW_INP,PC_AREA,EE,2011,26.4,
ESTAT:AEI_PS_INP(1.0),04/10/21 23:00:00,A,LOW_INP,PC_AREA,EE,2012,27.5,
ESTAT:AEI_PS_INP(1.0),04/10/21 23:00:00,A,LOW_INP,PC_AREA,EE,2013,28.2,
ESTAT:AEI_PS_INP(1.0),04/10/21 23:00:00,A,LOW_INP,PC_AREA,EE,2014,28.1,
ESTAT:AEI_PS_INP(1.0),04/10/21 23:00:00,A,LOW_INP,PC_AREA,EE,2015,27.5,
ESTAT:AEI_PS_INP(1.0),04/10/21 23:00:00,A,LOW_INP,PC_AREA,EE,2016,28.9,
ESTAT:AEI_PS_INP(1.0),04/10/21 23:00:00,A,LOW_INP,PC_AREA,EE,2017,29,
ESTAT:AEI_PS_INP(1.0),04/10/21 23:00:00,A,LOW_INP,PC_AREA,EE,2018,30.4,
ESTAT:AEI_PS_INP(1.0),04/10/21 23:00:00,A,LOW_INP,PC_AREA,EE,2019,30.3,
ESTAT:AEI_PS_INP(1.0),04/10/21 23:00:00,A,LOW_INP,PC_AREA,EL,2005,25.7,
ESTAT:AEI_PS_INP(1.0),04/10/21 23:00:00,A,LOW_INP,PC_AREA,EL,2006,28.5,
ESTAT:AEI_PS_INP(1.0),04/10/21 23:00:00,A,LOW_INP,PC_AREA,EL,2007,29.6,
ESTAT:AEI_PS_INP(1.0),04/10/21 23:00:00,A,LOW_INP,PC_AREA,EL,2008,32.4,
ESTAT:AEI_PS_INP(1.0),04/10/21 23:00:00,A,LOW_INP,PC_AREA,EL,2009,35.9,
ESTAT:AEI_PS_INP(1.0),04/10/21 23:00:00,A,LOW_INP,PC_AREA,EL,2010,33.2,
ESTAT:AEI_PS_INP(1.0),04/10/21 23:00:00,A,LOW_INP,PC_AREA,EL,2011,35.4,
ESTAT:AEI_PS_INP(1.0),04/10/21 23:00:00,A,LOW_INP,PC_AREA,EL,2012,36.1,
ESTAT:AEI_PS_INP(1.0),04/10/21 23:00:00,A,LOW_INP,PC_AREA,EL,2013,43,
ESTAT:AEI_PS_INP(1.0),04/10/21 23:00:00,A,LOW_INP,PC_AREA,EL,2014,39.5,
ESTAT:AEI_PS_INP(1.0),04/10/21 23:00:00,A,LOW_INP,PC_AREA,EL,2015,39.3,
ESTAT:AEI_PS_INP(1.0),04/10/21 23:00:00,A,LOW_INP,PC_AREA,EL,2016,43,
ESTAT:AEI_PS_INP(1.0),04/10/21 23:00:00,A,LOW_INP,PC_AREA,EL,2017,40.1,
ESTAT:AEI_PS_INP(1.0),04/10/21 23:00:00,A,LOW_INP,PC_AREA,EL,2018,38.6,
ESTAT:AEI_PS_INP(1.0),04/10/21 23:00:00,A,LOW_INP,PC_AREA,EL,2019,39.7,
ESTAT:AEI_PS_INP(1.0),04/10/21 23:00:00,A,LOW_INP,PC_AREA,ES,2005,33.6,
ESTAT:AEI_PS_INP(1.0),04/10/21 23:00:00,A,LOW_INP,PC_AREA,ES,2006,36.8,
ESTAT:AEI_PS_INP(1.0),04/10/21 23:00:00,A,LOW_INP,PC_AREA,ES,2007,36.2,
ESTAT:AEI_PS_INP(1.0),04/10/21 23:00:00,A,LOW_INP,PC_AREA,ES,2008,37.9,
ESTAT:AEI_PS_INP(1.0),04/10/21 23:00:00,A,LOW_INP,PC_AREA,ES,2009,41.4,
ESTAT:AEI_PS_INP(1.0),04/10/21 23:00:00,A,LOW_INP,PC_AREA,ES,2010,33.4,
ESTAT:AEI_PS_INP(1.0),04/10/21 23:00:00,A,LOW_INP,PC_AREA,ES,2011,34.7,
ESTAT:AEI_PS_INP(1.0),04/10/21 23:00:00,A,LOW_INP,PC_AREA,ES,2012,34.2,
ESTAT:AEI_PS_INP(1.0),04/10/21 23:00:00,A,LOW_INP,PC_AREA,ES,2013,29.8,
ESTAT:AEI_PS_INP(1.0),04/10/21 23:00:00,A,LOW_INP,PC_AREA,ES,2014,27.4,
ESTAT:AEI_PS_INP(1.0),04/10/21 23:00:00,A,LOW_INP,PC_AREA,ES,2015,25.9,
ESTAT:AEI_PS_INP(1.0),04/10/21 23:00:00,A,LOW_INP,PC_AREA,ES,2016,27.4,
ESTAT:AEI_PS_INP(1.0),04/10/21 23:00:00,A,LOW_INP,PC_AREA,ES,2017,26.9,
ESTAT:AEI_PS_INP(1.0),04/10/21 23:00:00,A,LOW_INP,PC_AREA,ES,2018,26,
ESTAT:AEI_PS_INP(1.0),04/10/21 23:00:00,A,LOW_INP,PC_AREA,ES,2019,28.9,
ESTAT:AEI_PS_INP(1.0),04/10/21 23:00:00,A,LOW_INP,PC_AREA,FI,2005,20,
ESTAT:AEI_PS_INP(1.0),04/10/21 23:00:00,A,LOW_INP,PC_AREA,FI,2006,20.3,
ESTAT:AEI_PS_INP(1.0),04/10/21 23:00:00,A,LOW_INP,PC_AREA,FI,2007,23.2,
ESTAT:AEI_PS_INP(1.0),04/10/21 23:00:00,A,LOW_INP,PC_AREA,FI,2008,38.4,
ESTAT:AEI_PS_INP(1.0),04/10/21 23:00:00,A,LOW_INP,PC_AREA,FI,2009,19.4,
ESTAT:AEI_PS_INP(1.0),04/10/21 23:00:00,A,LOW_INP,PC_AREA,FI,2010,33.7,
ESTAT:AEI_PS_INP(1.0),04/10/21 23:00:00,A,LOW_INP,PC_AREA,FI,2011,38.9,
ESTAT:AEI_PS_INP(1.0),04/10/21 23:00:00,A,LOW_INP,PC_AREA,FI,2012,34.5,
ESTAT:AEI_PS_INP(1.0),04/10/21 23:00:00,A,LOW_INP,PC_AREA,FI,2013,32.8,
ESTAT:AEI_PS_INP(1.0),04/10/21 23:00:00,A,LOW_INP,PC_AREA,FI,2014,32.1,
ESTAT:AEI_PS_INP(1.0),04/10/21 23:00:00,A,LOW_INP,PC_AREA,FI,2015,37.4,
ESTAT:AEI_PS_INP(1.0),04/10/21 23:00:00,A,LOW_INP,PC_AREA,FI,2016,32.5,
ESTAT:AEI_PS_INP(1.0),04/10/21 23:00:00,A,LOW_INP,PC_AREA,FI,2017,39,
ESTAT:AEI_PS_INP(1.0),04/10/21 23:00:00,A,LOW_INP,PC_AREA,FI,2018,41.1,
ESTAT:AEI_PS_INP(1.0),04/10/21 23:00:00,A,LOW_INP,PC_AREA,FI,2019,36.7,
ESTAT:AEI_PS_INP(1.0),04/10/21 23:00:00,A,LOW_INP,PC_AREA,FR,2005,30.7,
ESTAT:AEI_PS_INP(1.0),04/10/21 23:00:00,A,LOW_INP,PC_AREA,FR,2006,32.5,
ESTAT:AEI_PS_INP(1.0),04/10/21 23:00:00,A,LOW_INP,PC_AREA,FR,2007,31.9,
ESTAT:AEI_PS_INP(1.0),04/10/21 23:00:00,A,LOW_INP,PC_AREA,FR,2008,30,
ESTAT:AEI_PS_INP(1.0),04/10/21 23:00:00,A,LOW_INP,PC_AREA,FR,2009,32.8,
ESTAT:AEI_PS_INP(1.0),04/10/21 23:00:00,A,LOW_INP,PC_AREA,FR,2010,33.3,
ESTAT:AEI_PS_INP(1.0),04/10/21 23:00:00,A,LOW_INP,PC_AREA,FR,2011,32.4,
ESTAT:AEI_PS_INP(1.0),04/10/21 23:00:00,A,LOW_INP,PC_AREA,FR,2012,28.3,
ESTAT:AEI_PS_INP(1.0),04/10/21 23:00:00,A,LOW_INP,PC_AREA,FR,2013,28.4,
ESTAT:AEI_PS_INP(1.0),04/10/21 23:00:00,A,LOW_INP,PC_AREA,FR,2014,28,
ESTAT:AEI_PS_INP(1.0),04/10/21 23:00:00,A,LOW_INP,PC_AREA,FR,2015,28.9,
ESTAT:AEI_PS_INP(1.0),04/10/21 23:00:00,A,LOW_INP,PC_AREA,FR,2016,28.6,
ESTAT:AEI_PS_INP(1.0),04/10/21 23:00:00,A,LOW_INP,PC_AREA,FR,2017,32.6,
ESTAT:AEI_PS_INP(1.0),04/10/21 23:00:00,A,LOW_INP,PC_AREA,FR,2018,31.6,
ESTAT:AEI_PS_INP(1.0),04/10/21 23:00:00,A,LOW_INP,PC_AREA,FR,2019,32.9,
ESTAT:AEI_PS_INP(1.0),04/10/21 23:00:00,A,LOW_INP,PC_AREA,HR,2013,32.5,
ESTAT:AEI_PS_INP(1.0),04/10/21 23:00:00,A,LOW_INP,PC_AREA,HR,2014,31.8,
ESTAT:AEI_PS_INP(1.0),04/10/21 23:00:00,A,LOW_INP,PC_AREA,HR,2015,35,
ESTAT:AEI_PS_INP(1.0),04/10/21 23:00:00,A,LOW_INP,PC_AREA,HR,2016,28.4,
ESTAT:AEI_PS_INP(1.0),04/10/21 23:00:00,A,LOW_INP,PC_AREA,HR,2017,25.6,
ESTAT:AEI_PS_INP(1.0),04/10/21 23:00:00,A,LOW_INP,PC_AREA,HR,2018,24.6,
ESTAT:AEI_PS_INP(1.0),04/10/21 23:00:00,A,LOW_INP,PC_AREA,HR,2019,23.4,
ESTAT:AEI_PS_INP(1.0),04/10/21 23:00:00,A,LOW_INP,PC_AREA,HU,2005,21.3,
ESTAT:AEI_PS_INP(1.0),04/10/21 23:00:00,A,LOW_INP,PC_AREA,HU,2006,24.2,
ESTAT:AEI_PS_INP(1.0),04/10/21 23:00:00,A,LOW_INP,PC_AREA,HU,2007,16.8,
ESTAT:AEI_PS_INP(1.0),04/10/21 23:00:00,A,LOW_INP,PC_AREA,HU,2008,19.2,
ESTAT:AEI_PS_INP(1.0),04/10/21 23:00:00,A,LOW_INP,PC_AREA,HU,2009,26.5,
ESTAT:AEI_PS_INP(1.0),04/10/21 23:00:00,A,LOW_INP,PC_AREA,HU,2010,33.4,
ESTAT:AEI_PS_INP(1.0),04/10/21 23:00:00,A,LOW_INP,PC_AREA,HU,2011,26.2,
ESTAT:AEI_PS_INP(1.0),04/10/21 23:00:00,A,LOW_INP,PC_AREA,HU,2012,26.3,
ESTAT:AEI_PS_INP(1.0),04/10/21 23:00:00,A,LOW_INP,PC_AREA,HU,2013,24.1,
ESTAT:AEI_PS_INP(1.0),04/10/21 23:00:00,A,LOW_INP,PC_AREA,HU,2014,24.3,
ESTAT:AEI_PS_INP(1.0),04/10/21 23:00:00,A,LOW_INP,PC_AREA,HU,2015,26.8,
ESTAT:AEI_PS_INP(1.0),04/10/21 23:00:00,A,LOW_INP,PC_AREA,HU,2016,25.9,
ESTAT:AEI_PS_INP(1.0),04/10/21 23:00:00,A,LOW_INP,PC_AREA,HU,2017,25.8,
ESTAT:AEI_PS_INP(1.0),04/10/21 23:00:00,A,LOW_INP,PC_AREA,HU,2018,26.3,
ESTAT:AEI_PS_INP(1.0),04/10/21 23:00:00,A,LOW_INP,PC_AREA,HU,2019,25.9,
ESTAT:AEI_PS_INP(1.0),04/10/21 23:00:00,A,LOW_INP,PC_AREA,IE,2005,32.1,
ESTAT:AEI_PS_INP(1.0),04/10/21 23:00:00,A,LOW_INP,PC_AREA,IE,2006,34.5,
ESTAT:AEI_PS_INP(1.0),04/10/21 23:00:00,A,LOW_INP,PC_AREA,IE,2007,40.7,
ESTAT:AEI_PS_INP(1.0),04/10/21 23:00:00,A,LOW_INP,PC_AREA,IE,2008,41.6,
ESTAT:AEI_PS_INP(1.0),04/10/21 23:00:00,A,LOW_INP,PC_AREA,IE,2009,36.6,
ESTAT:AEI_PS_INP(1.0),04/10/21 23:00:00,A,LOW_INP,PC_AREA,IE,2010,33.5,
ESTAT:AEI_PS_INP(1.0),04/10/21 23:00:00,A,LOW_INP,PC_AREA,IE,2011,36,
ESTAT:AEI_PS_INP(1.0),04/10/21 23:00:00,A,LOW_INP,PC_AREA,IE,2012,30.1,
ESTAT:AEI_PS_INP(1.0),04/10/21 23:00:00,A,LOW_INP,PC_AREA,IE,2013,25.9,
ESTAT:AEI_PS_INP(1.0),04/10/21 23:00:00,A,LOW_INP,PC_AREA,IE,2014,33.2,
ESTAT:AEI_PS_INP(1.0),04/10/21 23:00:00,A,LOW_INP,PC_AREA,IE,2015,32.5,
ESTAT:AEI_PS_INP(1.0),04/10/21 23:00:00,A,LOW_INP,PC_AREA,IE,2016,31.4,
ESTAT:AEI_PS_INP(1.0),04/10/21 23:00:00,A,LOW_INP,PC_AREA,IE,2017,32.5,
ESTAT:AEI_PS_INP(1.0),04/10/21 23:00:00,A,LOW_INP,PC_AREA,IE,2018,27.2,
ESTAT:AEI_PS_INP(1.0),04/10/21 23:00:00,A,LOW_INP,PC_AREA,IE,2019,31.2,
ESTAT:AEI_PS_INP(1.0),04/10/21 23:00:00,A,LOW_INP,PC_AREA,IT,2005,25.7,
ESTAT:AEI_PS_INP(1.0),04/10/21 23:00:00,A,LOW_INP,PC_AREA,IT,2006,30.3,
ESTAT:AEI_PS_INP(1.0),04/10/21 23:00:00,A,LOW_INP,PC_AREA,IT,2007,27.5,
ESTAT:AEI_PS_INP(1.0),04/10/21 23:00:00,A,LOW_INP,PC_AREA,IT,2008,34.2,
ESTAT:AEI_PS_INP(1.0),04/10/21 23:00:00,A,LOW_INP,PC_AREA,IT,2009,34.7,
ESTAT:AEI_PS_INP(1.0),04/10/21 23:00:00,A,LOW_INP,PC_AREA,IT,2010,33.5,
ESTAT:AEI_PS_INP(1.0),04/10/21 23:00:00,A,LOW_INP,PC_AREA,IT,2011,35.5,
ESTAT:AEI_PS_INP(1.0),04/10/21 23:00:00,A,LOW_INP,PC_AREA,IT,2012,34.3,
ESTAT:AEI_PS_INP(1.0),04/10/21 23:00:00,A,LOW_INP,PC_AREA,IT,2013,35.1,
ESTAT:AEI_PS_INP(1.0),04/10/21 23:00:00,A,LOW_INP,PC_AREA,IT,2014,33.8,
ESTAT:AEI_PS_INP(1.0),04/10/21 23:00:00,A,LOW_INP,PC_AREA,IT,2015,32.8,
ESTAT:AEI_PS_INP(1.0),04/10/21 23:00:00,A,LOW_INP,PC_AREA,IT,2016,33.6,
ESTAT:AEI_PS_INP(1.0),04/10/21 23:00:00,A,LOW_INP,PC_AREA,IT,2017,35.1,
ESTAT:AEI_PS_INP(1.0),04/10/21 23:00:00,A,LOW_INP,PC_AREA,IT,2018,36.7,
ESTAT:AEI_PS_INP(1.0),04/10/21 23:00:00,A,LOW_INP,PC_AREA,IT,2019,35.2,
ESTAT:AEI_PS_INP(1.0),04/10/21 23:00:00,A,LOW_INP,PC_AREA,LT,2005,35.7,
ESTAT:AEI_PS_INP(1.0),04/10/21 23:00:00,A,LOW_INP,PC_AREA,LT,2006,25.9,
ESTAT:AEI_PS_INP(1.0),04/10/21 23:00:00,A,LOW_INP,PC_AREA,LT,2007,26.7,
ESTAT:AEI_PS_INP(1.0),04/10/21 23:00:00,A,LOW_INP,PC_AREA,LT,2008,33.3,
ESTAT:AEI_PS_INP(1.0),04/10/21 23:00:00,A,LOW_INP,PC_AREA,LT,2009,32.7,
ESTAT:AEI_PS_INP(1.0),04/10/21 23:00:00,A,LOW_INP,PC_AREA,LT,2010,33.4,
ESTAT:AEI_PS_INP(1.0),04/10/21 23:00:00,A,LOW_INP,PC_AREA,LT,2011,36.1,
ESTAT:AEI_PS_INP(1.0),04/10/21 23:00:00,A,LOW_INP,PC_AREA,LT,2012,37.7,
ESTAT:AEI_PS_INP(1.0),04/10/21 23:00:00,A,LOW_INP,PC_AREA,LT,2013,39,
ESTAT:AEI_PS_INP(1.0),04/10/21 23:00:00,A,LOW_INP,PC_AREA,LT,2014,35.5,
ESTAT:AEI_PS_INP(1.0),04/10/21 23:00:00,A,LOW_INP,PC_AREA,LT,2015,33.1,
ESTAT:AEI_PS_INP(1.0),04/10/21 23:00:00,A,LOW_INP,PC_AREA,LT,2016,34.9,
ESTAT:AEI_PS_INP(1.0),04/10/21 23:00:00,A,LOW_INP,PC_AREA,LT,2017,33.9,
ESTAT:AEI_PS_INP(1.0),04/10/21 23:00:00,A,LOW_INP,PC_AREA,LT,2018,33.2,
ESTAT:AEI_PS_INP(1.0),04/10/21 23:00:00,A,LOW_INP,PC_AREA,LT,2019,32.9,
ESTAT:AEI_PS_INP(1.0),04/10/21 23:00:00,A,LOW_INP,PC_AREA,LU,2005,28.5,
ESTAT:AEI_PS_INP(1.0),04/10/21 23:00:00,A,LOW_INP,PC_AREA,LU,2006,28.2,
ESTAT:AEI_PS_INP(1.0),04/10/21 23:00:00,A,LOW_INP,PC_AREA,LU,2007,26.3,
ESTAT:AEI_PS_INP(1.0),04/10/21 23:00:00,A,LOW_INP,PC_AREA,LU,2008,29.5,
ESTAT:AEI_PS_INP(1.0),04/10/21 23:00:00,A,LOW_INP,PC_AREA,LU,2009,29.4,
ESTAT:AEI_PS_INP(1.0),04/10/21 23:00:00,A,LOW_INP,PC_AREA,LU,2010,33.1,
ESTAT:AEI_PS_INP(1.0),04/10/21 23:00:00,A,LOW_INP,PC_AREA,LU,2011,25.8,
ESTAT:AEI_PS_INP(1.0),04/10/21 23:00:00,A,LOW_INP,PC_AREA,LU,2012,28.3,
ESTAT:AEI_PS_INP(1.0),04/10/21 23:00:00,A,LOW_INP,PC_AREA,LU,2013,29,
ESTAT:AEI_PS_INP(1.0),04/10/21 23:00:00,A,LOW_INP,PC_AREA,LU,2014,32.9,
ESTAT:AEI_PS_INP(1.0),04/10/21 23:00:00,A,LOW_INP,PC_AREA,LU,2015,30.9,
ESTAT:AEI_PS_INP(1.0),04/10/21 23:00:00,A,LOW_INP,PC_AREA,LU,2016,29.5,
ESTAT:AEI_PS_INP(1.0),04/10/21 23:00:00,A,LOW_INP,PC_AREA,LU,2017,29.2,
ESTAT:AEI_PS_INP(1.0),04/10/21 23:00:00,A,LOW_INP,PC_AREA,LU,2018,28.2,
ESTAT:AEI_PS_INP(1.0),04/10/21 23:00:00,A,LOW_INP,PC_AREA,LU,2019,28.6,
ESTAT:AEI_PS_INP(1.0),04/10/21 23:00:00,A,LOW_INP,PC_AREA,LV,2005,36.1,
ESTAT:AEI_PS_INP(1.0),04/10/21 23:00:00,A,LOW_INP,PC_AREA,LV,2006,39.9,
ESTAT:AEI_PS_INP(1.0),04/10/21 23:00:00,A,LOW_INP,PC_AREA,LV,2007,33.7,
ESTAT:AEI_PS_INP(1.0),04/10/21 23:00:00,A,LOW_INP,PC_AREA,LV,2008,34.2,
ESTAT:AEI_PS_INP(1.0),04/10/21 23:00:00,A,LOW_INP,PC_AREA,LV,2009,39.1,
ESTAT:AEI_PS_INP(1.0),04/10/21 23:00:00,A,LOW_INP,PC_AREA,LV,2010,33.2,
ESTAT:AEI_PS_INP(1.0),04/10/21 23:00:00,A,LOW_INP,PC_AREA,LV,2011,32.5,
ESTAT:AEI_PS_INP(1.0),04/10/21 23:00:00,A,LOW_INP,PC_AREA,LV,2012,32.8,
ESTAT:AEI_PS_INP(1.0),04/10/21 23:00:00,A,LOW_INP,PC_AREA,LV,2013,32.2,
ESTAT:AEI_PS_INP(1.0),04/10/21 23:00:00,A,LOW_INP,PC_AREA,LV,2014,28.5,
ESTAT:AEI_PS_INP(1.0),04/10/21 23:00:00,A,LOW_INP,PC_AREA,LV,2015,28.5,
ESTAT:AEI_PS_INP(1.0),04/10/21 23:00:00,A,LOW_INP,PC_AREA,LV,2016,28.3,
ESTAT:AEI_PS_INP(1.0),04/10/21 23:00:00,A,LOW_INP,PC_AREA,LV,2017,28.9,
ESTAT:AEI_PS_INP(1.0),04/10/21 23:00:00,A,LOW_INP,PC_AREA,LV,2018,26.8,
ESTAT:AEI_PS_INP(1.0),04/10/21 23:00:00,A,LOW_INP,PC_AREA,LV,2019,28,
ESTAT:AEI_PS_INP(1.0),04/10/21 23:00:00,A,LOW_INP,PC_AREA,MT,2005,23.8,
ESTAT:AEI_PS_INP(1.0),04/10/21 23:00:00,A,LOW_INP,PC_AREA,MT,2006,22,
ESTAT:AEI_PS_INP(1.0),04/10/21 23:00:00,A,LOW_INP,PC_AREA,MT,2007,16.4,
ESTAT:AEI_PS_INP(1.0),04/10/21 23:00:00,A,LOW_INP,PC_AREA,MT,2008,20.7,
ESTAT:AEI_PS_INP(1.0),04/10/21 23:00:00,A,LOW_INP,PC_AREA,MT,2009,26.2,
ESTAT:AEI_PS_INP(1.0),04/10/21 23:00:00,A,LOW_INP,PC_AREA,MT,2010,32.9,
ESTAT:AEI_PS_INP(1.0),04/10/21 23:00:00,A,LOW_INP,PC_AREA,MT,2011,35,
ESTAT:AEI_PS_INP(1.0),04/10/21 23:00:00,A,LOW_INP,PC_AREA,MT,2012,30.1,
ESTAT:AEI_PS_INP(1.0),04/10/21 23:00:00,A,LOW_INP,PC_AREA,MT,2013,31.6,
ESTAT:AEI_PS_INP(1.0),04/10/21 23:00:00,A,LOW_INP,PC_AREA,MT,2014,36.4,
ESTAT:AEI_PS_INP(1.0),04/10/21 23:00:00,A,LOW_INP,PC_AREA,MT,2015,42.7,
ESTAT:AEI_PS_INP(1.0),04/10/21 23:00:00,A,LOW_INP,PC_AREA,MT,2016,38.2,
ESTAT:AEI_PS_INP(1.0),04/10/21 23:00:00,A,LOW_INP,PC_AREA,MT,2017,38.7,
ESTAT:AEI_PS_INP(1.0),04/10/21 23:00:00,A,LOW_INP,PC_AREA,MT,2018,40.3,
ESTAT:AEI_PS_INP(1.0),04/10/21 23:00:00,A,LOW_INP,PC_AREA,MT,2019,41.6,
ESTAT:AEI_PS_INP(1.0),04/10/21 23:00:00,A,LOW_INP,PC_AREA,NL,2005,38.6,
ESTAT:AEI_PS_INP(1.0),04/10/21 23:00:00,A,LOW_INP,PC_AREA,NL,2006,39.2,
ESTAT:AEI_PS_INP(1.0),04/10/21 23:00:00,A,LOW_INP,PC_AREA,NL,2007,37.5,
ESTAT:AEI_PS_INP(1.0),04/10/21 23:00:00,A,LOW_INP,PC_AREA,NL,2008,34.8,
ESTAT:AEI_PS_INP(1.0),04/10/21 23:00:00,A,LOW_INP,PC_AREA,NL,2009,32.4,
ESTAT:AEI_PS_INP(1.0),04/10/21 23:00:00,A,LOW_INP,PC_AREA,NL,2010,33.2,
ESTAT:AEI_PS_INP(1.0),04/10/21 23:00:00,A,LOW_INP,PC_AREA,NL,2011,32.9,
ESTAT:AEI_PS_INP(1.0),04/10/21 23:00:00,A,LOW_INP,PC_AREA,NL,2012,27.8,
ESTAT:AEI_PS_INP(1.0),04/10/21 23:00:00,A,LOW_INP,PC_AREA,NL,2013,24.2,
ESTAT:AEI_PS_INP(1.0),04/10/21 23:00:00,A,LOW_INP,PC_AREA,NL,2014,24.1,
ESTAT:AEI_PS_INP(1.0),04/10/21 23:00:00,A,LOW_INP,PC_AREA,NL,2015,24.5,
ESTAT:AEI_PS_INP(1.0),04/10/21 23:00:00,A,LOW_INP,PC_AREA,NL,2016,21.8,
ESTAT:AEI_PS_INP(1.0),04/10/21 23:00:00,A,LOW_INP,PC_AREA,NL,2017,22,
ESTAT:AEI_PS_INP(1.0),04/10/21 23:00:00,A,LOW_INP,PC_AREA,NL,2018,22.8,
ESTAT:AEI_PS_INP(1.0),04/10/21 23:00:00,A,LOW_INP,PC_AREA,NL,2019,22.6,
ESTAT:AEI_PS_INP(1.0),04/10/21 23:00:00,A,LOW_INP,PC_AREA,PL,2005,28.7,
ESTAT:AEI_PS_INP(1.0),04/10/21 23:00:00,A,LOW_INP,PC_AREA,PL,2006,24.6,
ESTAT:AEI_PS_INP(1.0),04/10/21 23:00:00,A,LOW_INP,PC_AREA,PL,2007,22.8,
ESTAT:AEI_PS_INP(1.0),04/10/21 23:00:00,A,LOW_INP,PC_AREA,PL,2008,26.2,
ESTAT:AEI_PS_INP(1.0),04/10/21 23:00:00,A,LOW_INP,PC_AREA,PL,2009,36.2,
ESTAT:AEI_PS_INP(1.0),04/10/21 23:00:00,A,LOW_INP,PC_AREA,PL,2010,33.2,
ESTAT:AEI_PS_INP(1.0),04/10/21 23:00:00,A,LOW_INP,PC_AREA,PL,2011,34.5,
ESTAT:AEI_PS_INP(1.0),04/10/21 23:00:00,A,LOW_INP,PC_AREA,PL,2012,36.3,
ESTAT:AEI_PS_INP(1.0),04/10/21 23:00:00,A,LOW_INP,PC_AREA,PL,2013,34.8,
ESTAT:AEI_PS_INP(1.0),04/10/21 23:00:00,A,LOW_INP,PC_AREA,PL,2014,32.2,
ESTAT:AEI_PS_INP(1.0),04/10/21 23:00:00,A,LOW_INP,PC_AREA,PL,2015,34.4,
ESTAT:AEI_PS_INP(1.0),04/10/21 23:00:00,A,LOW_INP,PC_AREA,PL,2016,34.2,
ESTAT:AEI_PS_INP(1.0),04/10/21 23:00:00,A,LOW_INP,PC_AREA,PL,2017,33.3,
ESTAT:AEI_PS_INP(1.0),04/10/21 23:00:00,A,LOW_INP,PC_AREA,PL,2018,33.6,
ESTAT:AEI_PS_INP(1.0),04/10/21 23:00:00,A,LOW_INP,PC_AREA,PL,2019,34.8,
ESTAT:AEI_PS_INP(1.0),04/10/21 23:00:00,A,LOW_INP,PC_AREA,PT,2005,23,
ESTAT:AEI_PS_INP(1.0),04/10/21 23:00:00,A,LOW_INP,PC_AREA,PT,2006,28.2,
ESTAT:AEI_PS_INP(1.0),04/10/21 23:00:00,A,LOW_INP,PC_AREA,PT,2007,28.9,
ESTAT:AEI_PS_INP(1.0),04/10/21 23:00:00,A,LOW_INP,PC_AREA,PT,2008,34.1,
ESTAT:AEI_PS_INP(1.0),04/10/21 23:00:00,A,LOW_INP,PC_AREA,PT,2009,33.7,
ESTAT:AEI_PS_INP(1.0),04/10/21 23:00:00,A,LOW_INP,PC_AREA,PT,2010,33.2,
ESTAT:AEI_PS_INP(1.0),04/10/21 23:00:00,A,LOW_INP,PC_AREA,PT,2011,37.3,
ESTAT:AEI_PS_INP(1.0),04/10/21 23:00:00,A,LOW_INP,PC_AREA,PT,2012,30.2,
ESTAT:AEI_PS_INP(1.0),04/10/21 23:00:00,A,LOW_INP,PC_AREA,PT,2013,34.2,
ESTAT:AEI_PS_INP(1.0),04/10/21 23:00:00,A,LOW_INP,PC_AREA,PT,2014,32.6,
ESTAT:AEI_PS_INP(1.0),04/10/21 23:00:00,A,LOW_INP,PC_AREA,PT,2015,32.4,
ESTAT:AEI_PS_INP(1.0),04/10/21 23:00:00,A,LOW_INP,PC_AREA,PT,2016,32,
ESTAT:AEI_PS_INP(1.0),04/10/21 23:00:00,A,LOW_INP,PC_AREA,PT,2017,28.9,
ESTAT:AEI_PS_INP(1.0),04/10/21 23:00:00,A,LOW_INP,PC_AREA,PT,2018,28.7,
ESTAT:AEI_PS_INP(1.0),04/10/21 23:00:00,A,LOW_INP,PC_AREA,PT,2019,28.7,
ESTAT:AEI_PS_INP(1.0),04/10/21 23:00:00,A,LOW_INP,PC_AREA,RO,2007,32.7,
ESTAT:AEI_PS_INP(1.0),04/10/21 23:00:00,A,LOW_INP,PC_AREA,RO,2008,38.1,
ESTAT:AEI_PS_INP(1.0),04/10/21 23:00:00,A,LOW_INP,PC_AREA,RO,2009,46.7,
ESTAT:AEI_PS_INP(1.0),04/10/21 23:00:00,A,LOW_INP,PC_AREA,RO,2010,33.3,
ESTAT:AEI_PS_INP(1.0),04/10/21 23:00:00,A,LOW_INP,PC_AREA,RO,2011,33,
ESTAT:AEI_PS_INP(1.0),04/10/21 23:00:00,A,LOW_INP,PC_AREA,RO,2012,38.6,
ESTAT:AEI_PS_INP(1.0),04/10/21 23:00:00,A,LOW_INP,PC_AREA,RO,2013,32.9,
ESTAT:AEI_PS_INP(1.0),04/10/21 23:00:00,A,LOW_INP,PC_AREA,RO,2014,29,
ESTAT:AEI_PS_INP(1.0),04/10/21 23:00:00,A,LOW_INP,PC_AREA,RO,2015,19.6,
ESTAT:AEI_PS_INP(1.0),04/10/21 23:00:00,A,LOW_INP,PC_AREA,RO,2016,16.9,
ESTAT:AEI_PS_INP(1.0),04/10/21 23:00:00,A,LOW_INP,PC_AREA,RO,2017,16,
ESTAT:AEI_PS_INP(1.0),04/10/21 23:00:00,A,LOW_INP,PC_AREA,RO,2018,9.6,
ESTAT:AEI_PS_INP(1.0),04/10/21 23:00:00,A,LOW_INP,PC_AREA,RO,2019,7.6,
ESTAT:AEI_PS_INP(1.0),04/10/21 23:00:00,A,LOW_INP,PC_AREA,SE,2005,30,
ESTAT:AEI_PS_INP(1.0),04/10/21 23:00:00,A,LOW_INP,PC_AREA,SE,2006,28.7,
ESTAT:AEI_PS_INP(1.0),04/10/21 23:00:00,A,LOW_INP,PC_AREA,SE,2007,30,
ESTAT:AEI_PS_INP(1.0),04/10/21 23:00:00,A,LOW_INP,PC_AREA,SE,2008,37.1,
ESTAT:AEI_PS_INP(1.0),04/10/21 23:00:00,A,LOW_INP,PC_AREA,SE,2009,35.4,
ESTAT:AEI_PS_INP(1.0),04/10/21 23:00:00,A,LOW_INP,PC_AREA,SE,2010,32.8,
ESTAT:AEI_PS_INP(1.0),04/10/21 23:00:00,A,LOW_INP,PC_AREA,SE,2011,34,
ESTAT:AEI_PS_INP(1.0),04/10/21 23:00:00,A,LOW_INP,PC_AREA,SE,2012,28.3,
ESTAT:AEI_PS_INP(1.0),04/10/21 23:00:00,A,LOW_INP,PC_AREA,SE,2013,29.6,
ESTAT:AEI_PS_INP(1.0),04/10/21 23:00:00,A,LOW_INP,PC_AREA,SE,2014,25.4,
ESTAT:AEI_PS_INP(1.0),04/10/21 23:00:00,A,LOW_INP,PC_AREA,SE,2015,28.3,
ESTAT:AEI_PS_INP(1.0),04/10/21 23:00:00,A,LOW_INP,PC_AREA,SE,2016,28.5,
ESTAT:AEI_PS_INP(1.0),04/10/21 23:00:00,A,LOW_INP,PC_AREA,SE,2017,30.7,
ESTAT:AEI_PS_INP(1.0),04/10/21 23:00:00,A,LOW_INP,PC_AREA,SE,2018,34.9,
ESTAT:AEI_PS_INP(1.0),04/10/21 23:00:00,A,LOW_INP,PC_AREA,SE,2019,32.2,
ESTAT:AEI_PS_INP(1.0),04/10/21 23:00:00,A,LOW_INP,PC_AREA,SI,2005,27.1,
ESTAT:AEI_PS_INP(1.0),04/10/21 23:00:00,A,LOW_INP,PC_AREA,SI,2006,26.5,
ESTAT:AEI_PS_INP(1.0),04/10/21 23:00:00,A,LOW_INP,PC_AREA,SI,2007,26.2,
ESTAT:AEI_PS_INP(1.0),04/10/21 23:00:00,A,LOW_INP,PC_AREA,SI,2008,28.1,
ESTAT:AEI_PS_INP(1.0),04/10/21 23:00:00,A,LOW_INP,PC_AREA,SI,2009,26.5,
ESTAT:AEI_PS_INP(1.0),04/10/21 23:00:00,A,LOW_INP,PC_AREA,SI,2010,33.3,
ESTAT:AEI_PS_INP(1.0),04/10/21 23:00:00,A,LOW_INP,PC_AREA,SI,2011,29.7,
ESTAT:AEI_PS_INP(1.0),04/10/21 23:00:00,A,LOW_INP,PC_AREA,SI,2012,30.1,
ESTAT:AEI_PS_INP(1.0),04/10/21 23:00:00,A,LOW_INP,PC_AREA,SI,2013,29.4,
ESTAT:AEI_PS_INP(1.0),04/10/21 23:00:00,A,LOW_INP,PC_AREA,SI,2014,32.5,
ESTAT:AEI_PS_INP(1.0),04/10/21 23:00:00,A,LOW_INP,PC_AREA,SI,2015,36.3,
ESTAT:AEI_PS_INP(1.0),04/10/21 23:00:00,A,LOW_INP,PC_AREA,SI,2016,35.4,
ESTAT:AEI_PS_INP(1.0),04/10/21 23:00:00,A,LOW_INP,PC_AREA,SI,2017,34.8,
ESTAT:AEI_PS_INP(1.0),04/10/21 23:00:00,A,LOW_INP,PC_AREA,SI,2018,37.2,
ESTAT:AEI_PS_INP(1.0),04/10/21 23:00:00,A,LOW_INP,PC_AREA,SI,2019,35.8,
ESTAT:AEI_PS_INP(1.0),04/10/21 23:00:00,A,LOW_INP,PC_AREA,SK,2005,37.4,
ESTAT:AEI_PS_INP(1.0),04/10/21 23:00:00,A,LOW_INP,PC_AREA,SK,2006,30.6,
ESTAT:AEI_PS_INP(1.0),04/10/21 23:00:00,A,LOW_INP,PC_AREA,SK,2007,21.8,
ESTAT:AEI_PS_INP(1.0),04/10/21 23:00:00,A,LOW_INP,PC_AREA,SK,2008,21.7,
ESTAT:AEI_PS_INP(1.0),04/10/21 23:00:00,A,LOW_INP,PC_AREA,SK,2009,32.4,
ESTAT:AEI_PS_INP(1.0),04/10/21 23:00:00,A,LOW_INP,PC_AREA,SK,2010,33.1,
ESTAT:AEI_PS_INP(1.0),04/10/21 23:00:00,A,LOW_INP,PC_AREA,SK,2011,27,
ESTAT:AEI_PS_INP(1.0),04/10/21 23:00:00,A,LOW_INP,PC_AREA,SK,2012,25.1,
ESTAT:AEI_PS_INP(1.0),04/10/21 23:00:00,A,LOW_INP,PC_AREA,SK,2013,23.5,
ESTAT:AEI_PS_INP(1.0),04/10/21 23:00:00,A,LOW_INP,PC_AREA,SK,2014,23.6,
ESTAT:AEI_PS_INP(1.0),04/10/21 23:00:00,A,LOW_INP,PC_AREA,SK,2015,27.6,
ESTAT:AEI_PS_INP(1.0),04/10/21 23:00:00,A,LOW_INP,PC_AREA,SK,2016,24.8,
ESTAT:AEI_PS_INP(1.0),04/10/21 23:00:00,A,LOW_INP,PC_AREA,SK,2017,22.5,
ESTAT:AEI_PS_INP(1.0),04/10/21 23:00:00,A,LOW_INP,PC_AREA,SK,2018,23.5,
ESTAT:AEI_PS_INP(1.0),04/10/21 23:00:00,A,LOW_INP,PC_AREA,SK,2019,24.6,
ESTAT:AEI_PS_INP(1.0),04/10/21 23:00:00,A,LOW_INP,PC_AREA,UK,2005,24.8,
ESTAT:AEI_PS_INP(1.0),04/10/21 23:00:00,A,LOW_INP,PC_AREA,UK,2006,25.8,
ESTAT:AEI_PS_INP(1.0),04/10/21 23:00:00,A,LOW_INP,PC_AREA,UK,2007,28.8,
ESTAT:AEI_PS_INP(1.0),04/10/21 23:00:00,A,LOW_INP,PC_AREA,UK,2008,36.3,
ESTAT:AEI_PS_INP(1.0),04/10/21 23:00:00,A,LOW_INP,PC_AREA,UK,2009,33.5,
ESTAT:AEI_PS_INP(1.0),04/10/21 23:00:00,A,LOW_INP,PC_AREA,UK,2010,33.5,
ESTAT:AEI_PS_INP(1.0),04/10/21 23:00:00,A,LOW_INP,PC_AREA,UK,2011,34,
ESTAT:AEI_PS_INP(1.0),04/10/21 23:00:00,A,LOW_INP,PC_AREA,UK,2012,34.5,
ESTAT:AEI_PS_INP(1.0),04/10/21 23:00:00,A,LOW_INP,PC_AREA,UK,2013,36.3,
ESTAT:AEI_PS_INP(1.0),04/10/21 23:00:00,A,LOW_INP,PC_AREA,UK,2014,35.4,
ESTAT:AEI_PS_INP(1.0),04/10/21 23:00:00,A,LOW_INP,PC_AREA,UK,2015,34.4,
ESTAT:AEI_PS_INP(1.0),04/10/21 23:00:00,A,LOW_INP,PC_AREA,UK,2016,32.9,
ESTAT:AEI_PS_INP(1.0),04/10/21 23:00:00,A,LOW_INP,PC_AREA,UK,2017,32.9,
ESTAT:AEI_PS_INP(1.0),04/10/21 23:00:00,A,LOW_INP,PC_AREA,UK,2018,34.1,
ESTAT:AEI_PS_INP(1.0),04/10/21 23:00:00,A,LOW_INP,PC_AREA,UK,2019,34.6,
ESTAT:AEI_PS_INP(1.0),04/10/21 23:00:00,A,MED_INP,PC_AREA,AT,2005,40,
ESTAT:AEI_PS_INP(1.0),04/10/21 23:00:00,A,MED_INP,PC_AREA,AT,2006,35.2,
ESTAT:AEI_PS_INP(1.0),04/10/21 23:00:00,A,MED_INP,PC_AREA,AT,2007,35.1,
ESTAT:AEI_PS_INP(1.0),04/10/21 23:00:00,A,MED_INP,PC_AREA,AT,2008,33.4,
ESTAT:AEI_PS_INP(1.0),04/10/21 23:00:00,A,MED_INP,PC_AREA,AT,2009,35.3,
ESTAT:AEI_PS_INP(1.0),04/10/21 23:00:00,A,MED_INP,PC_AREA,AT,2010,33.4,
ESTAT:AEI_PS_INP(1.0),04/10/21 23:00:00,A,MED_INP,PC_AREA,AT,2011,35.5,
ESTAT:AEI_PS_INP(1.0),04/10/21 23:00:00,A,MED_INP,PC_AREA,AT,2012,30.7,
ESTAT:AEI_PS_INP(1.0),04/10/21 23:00:00,A,MED_INP,PC_AREA,AT,2013,28.7,
ESTAT:AEI_PS_INP(1.0),04/10/21 23:00:00,A,MED_INP,PC_AREA,AT,2014,27.7,
ESTAT:AEI_PS_INP(1.0),04/10/21 23:00:00,A,MED_INP,PC_AREA,AT,2015,29.2,
ESTAT:AEI_PS_INP(1.0),04/10/21 23:00:00,A,MED_INP,PC_AREA,AT,2016,27.3,
ESTAT:AEI_PS_INP(1.0),04/10/21 23:00:00,A,MED_INP,PC_AREA,AT,2017,26.6,
ESTAT:AEI_PS_INP(1.0),04/10/21 23:00:00,A,MED_INP,PC_AREA,AT,2018,28.3,
ESTAT:AEI_PS_INP(1.0),04/10/21 23:00:00,A,MED_INP,PC_AREA,AT,2019,25.7,
ESTAT:AEI_PS_INP(1.0),04/10/21 23:00:00,A,MED_INP,PC_AREA,BE,2005,39.9,
ESTAT:AEI_PS_INP(1.0),04/10/21 23:00:00,A,MED_INP,PC_AREA,BE,2006,38.3,
ESTAT:AEI_PS_INP(1.0),04/10/21 23:00:00,A,MED_INP,PC_AREA,BE,2007,35.5,
ESTAT:AEI_PS_INP(1.0),04/10/21 23:00:00,A,MED_INP,PC_AREA,BE,2008,33.5,
ESTAT:AEI_PS_INP(1.0),04/10/21 23:00:00,A,MED_INP,PC_AREA,BE,2009,35.6,
ESTAT:AEI_PS_INP(1.0),04/10/21 23:00:00,A,MED_INP,PC_AREA,BE,2010,33.4,
ESTAT:AEI_PS_INP(1.0),04/10/21 23:00:00,A,MED_INP,PC_AREA,BE,2011,34.9,
ESTAT:AEI_PS_INP(1.0),04/10/21 23:00:00,A,MED_INP,PC_AREA,BE,2012,36.1,
ESTAT:AEI_PS_INP(1.0),04/10/21 23:00:00,A,MED_INP,PC_AREA,BE,2013,33.6,
ESTAT:AEI_PS_INP(1.0),04/10/21 23:00:00,A,MED_INP,PC_AREA,BE,2014,29.8,
ESTAT:AEI_PS_INP(1.0),04/10/21 23:00:00,A,MED_INP,PC_AREA,BE,2015,24.9,
ESTAT:AEI_PS_INP(1.0),04/10/21 23:00:00,A,MED_INP,PC_AREA,BE,2016,24.7,
ESTAT:AEI_PS_INP(1.0),04/10/21 23:00:00,A,MED_INP,PC_AREA,BE,2017,22.6,
ESTAT:AEI_PS_INP(1.0),04/10/21 23:00:00,A,MED_INP,PC_AREA,BE,2018,22.3,
ESTAT:AEI_PS_INP(1.0),04/10/21 23:00:00,A,MED_INP,PC_AREA,BE,2019,22.1,
ESTAT:AEI_PS_INP(1.0),04/10/21 23:00:00,A,MED_INP,PC_AREA,BG,2007,27.3,
ESTAT:AEI_PS_INP(1.0),04/10/21 23:00:00,A,MED_INP,PC_AREA,BG,2008,32.3,
ESTAT:AEI_PS_INP(1.0),04/10/21 23:00:00,A,MED_INP,PC_AREA,BG,2009,36.8,
ESTAT:AEI_PS_INP(1.0),04/10/21 23:00:00,A,MED_INP,PC_AREA,BG,2010,33.4,
ESTAT:AEI_PS_INP(1.0),04/10/21 23:00:00,A,MED_INP,PC_AREA,BG,2011,25.2,
ESTAT:AEI_PS_INP(1.0),04/10/21 23:00:00,A,MED_INP,PC_AREA,BG,2012,23.1,
ESTAT:AEI_PS_INP(1.0),04/10/21 23:00:00,A,MED_INP,PC_AREA,BG,2013,16.8,
ESTAT:AEI_PS_INP(1.0),04/10/21 23:00:00,A,MED_INP,PC_AREA,BG,2014,14.5,
ESTAT:AEI_PS_INP(1.0),04/10/21 23:00:00,A,MED_INP,PC_AREA,BG,2015,14.2,
ESTAT:AEI_PS_INP(1.0),04/10/21 23:00:00,A,MED_INP,PC_AREA,BG,2016,9.7,
ESTAT:AEI_PS_INP(1.0),04/10/21 23:00:00,A,MED_INP,PC_AREA,BG,2017,9.9,
ESTAT:AEI_PS_INP(1.0),04/10/21 23:00:00,A,MED_INP,PC_AREA,BG,2018,16.8,
ESTAT:AEI_PS_INP(1.0),04/10/21 23:00:00,A,MED_INP,PC_AREA,BG,2019,14.8,
ESTAT:AEI_PS_INP(1.0),04/10/21 23:00:00,A,MED_INP,PC_AREA,CY,2005,25.6,
ESTAT:AEI_PS_INP(1.0),04/10/21 23:00:00,A,MED_INP,PC_AREA,CY,2006,23.6,
ESTAT:AEI_PS_INP(1.0),04/10/21 23:00:00,A,MED_INP,PC_AREA,CY,2007,22.6,
ESTAT:AEI_PS_INP(1.0),04/10/21 23:00:00,A,MED_INP,PC_AREA,CY,2008,27.6,
ESTAT:AEI_PS_INP(1.0),04/10/21 23:00:00,A,MED_INP,PC_AREA,CY,2009,40.2,
ESTAT:AEI_PS_INP(1.0),04/10/21 23:00:00,A,MED_INP,PC_AREA,CY,2010,33.7,
ESTAT:AEI_PS_INP(1.0),04/10/21 23:00:00,A,MED_INP,PC_AREA,CY,2011,33.6,
ESTAT:AEI_PS_INP(1.0),04/10/21 23:00:00,A,MED_INP,PC_AREA,CY,2012,35.1,
ESTAT:AEI_PS_INP(1.0),04/10/21 23:00:00,A,MED_INP,PC_AREA,CY,2013,36.1,
ESTAT:AEI_PS_INP(1.0),04/10/21 23:00:00,A,MED_INP,PC_AREA,CY,2014,29.3,
ESTAT:AEI_PS_INP(1.0),04/10/21 23:00:00,A,MED_INP,PC_AREA,CY,2015,21.9,
ESTAT:AEI_PS_INP(1.0),04/10/21 23:00:00,A,MED_INP,PC_AREA,CY,2016,26.7,
ESTAT:AEI_PS_INP(1.0),04/10/21 23:00:00,A,MED_INP,PC_AREA,CY,2017,25.7,
ESTAT:AEI_PS_INP(1.0),04/10/21 23:00:00,A,MED_INP,PC_AREA,CY,2018,29.1,
ESTAT:AEI_PS_INP(1.0),04/10/21 23:00:00,A,MED_INP,PC_AREA,CY,2019,31.3,
ESTAT:AEI_PS_INP(1.0),04/10/21 23:00:00,A,MED_INP,PC_AREA,CZ,2005,29.2,
ESTAT:AEI_PS_INP(1.0),04/10/21 23:00:00,A,MED_INP,PC_AREA,CZ,2006,30.6,
ESTAT:AEI_PS_INP(1.0),04/10/21 23:00:00,A,MED_INP,PC_AREA,CZ,2007,28,
ESTAT:AEI_PS_INP(1.0),04/10/21 23:00:00,A,MED_INP,PC_AREA,CZ,2008,29.3,
ESTAT:AEI_PS_INP(1.0),04/10/21 23:00:00,A,MED_INP,PC_AREA,CZ,2009,36.2,
ESTAT:AEI_PS_INP(1.0),04/10/21 23:00:00,A,MED_INP,PC_AREA,CZ,2010,33.4,
ESTAT:AEI_PS_INP(1.0),04/10/21 23:00:00,A,MED_INP,PC_AREA,CZ,2011,27.6,
ESTAT:AEI_PS_INP(1.0),04/10/21 23:00:00,A,MED_INP,PC_AREA,CZ,2012,29.2,
ESTAT:AEI_PS_INP(1.0),04/10/21 23:00:00,A,MED_INP,PC_AREA,CZ,2013,28.3,
ESTAT:AEI_PS_INP(1.0),04/10/21 23:00:00,A,MED_INP,PC_AREA,CZ,2014,28.2,
ESTAT:AEI_PS_INP(1.0),04/10/21 23:00:00,A,MED_INP,PC_AREA,CZ,2015,26.4,
ESTAT:AEI_PS_INP(1.0),04/10/21 23:00:00,A,MED_INP,PC_AREA,CZ,2016,24.8,
ESTAT:AEI_PS_INP(1.0),04/10/21 23:00:00,A,MED_INP,PC_AREA,CZ,2017,25.2,
ESTAT:AEI_PS_INP(1.0),04/10/21 23:00:00,A,MED_INP,PC_AREA,CZ,2018,26.1,
ESTAT:AEI_PS_INP(1.0),04/10/21 23:00:00,A,MED_INP,PC_AREA,CZ,2019,26.6,
ESTAT:AEI_PS_INP(1.0),04/10/21 23:00:00,A,MED_INP,PC_AREA,DE,2005,36.1,
ESTAT:AEI_PS_INP(1.0),04/10/21 23:00:00,A,MED_INP,PC_AREA,DE,2006,34.9,
ESTAT:AEI_PS_INP(1.0),04/10/21 23:00:00,A,MED_INP,PC_AREA,DE,2007,32.3,
ESTAT:AEI_PS_INP(1.0),04/10/21 23:00:00,A,MED_INP,PC_AREA,DE,2008,36.6,
ESTAT:AEI_PS_INP(1.0),04/10/21 23:00:00,A,MED_INP,PC_AREA,DE,2009,34,
ESTAT:AEI_PS_INP(1.0),04/10/21 23:00:00,A,MED_INP,PC_AREA,DE,2010,33.4,
ESTAT:AEI_PS_INP(1.0),04/10/21 23:00:00,A,MED_INP,PC_AREA,DE,2011,34.1,
ESTAT:AEI_PS_INP(1.0),04/10/21 23:00:00,A,MED_INP,PC_AREA,DE,2012,35.2,
ESTAT:AEI_PS_INP(1.0),04/10/21 23:00:00,A,MED_INP,PC_AREA,DE,2013,34.1,
ESTAT:AEI_PS_INP(1.0),04/10/21 23:00:00,A,MED_INP,PC_AREA,DE,2014,35.4,
ESTAT:AEI_PS_INP(1.0),04/10/21 23:00:00,A,MED_INP,PC_AREA,DE,2015,34.4,
ESTAT:AEI_PS_INP(1.0),04/10/21 23:00:00,A,MED_INP,PC_AREA,DE,2016,29.1,
ESTAT:AEI_PS_INP(1.0),04/10/21 23:00:00,A,MED_INP,PC_AREA,DE,2017,26.7,
ESTAT:AEI_PS_INP(1.0),04/10/21 23:00:00,A,MED_INP,PC_AREA,DE,2018,28.4,
ESTAT:AEI_PS_INP(1.0),04/10/21 23:00:00,A,MED_INP,PC_AREA,DE,2019,29.1,
ESTAT:AEI_PS_INP(1.0),04/10/21 23:00:00,A,MED_INP,PC_AREA,DK,2005,33.9,
ESTAT:AEI_PS_INP(1.0),04/10/21 23:00:00,A,MED_INP,PC_AREA,DK,2006,36.1,
ESTAT:AEI_PS_INP(1.0),04/10/21 23:00:00,A,MED_INP,PC_AREA,DK,2007,40.3,
ESTAT:AEI_PS_INP(1.0),04/10/21 23:00:00,A,MED_INP,PC_AREA,DK,2008,32.5,
ESTAT:AEI_PS_INP(1.0),04/10/21 23:00:00,A,MED_INP,PC_AREA,DK,2009,34.7,
ESTAT:AEI_PS_INP(1.0),04/10/21 23:00:00,A,MED_INP,PC_AREA,DK,2010,33.3,
ESTAT:AEI_PS_INP(1.0),04/10/21 23:00:00,A,MED_INP,PC_AREA,DK,2011,36.2,
ESTAT:AEI_PS_INP(1.0),04/10/21 23:00:00,A,MED_INP,PC_AREA,DK,2012,41.7,
ESTAT:AEI_PS_INP(1.0),04/10/21 23:00:00,A,MED_INP,PC_AREA,DK,2013,36.5,
ESTAT:AEI_PS_INP(1.0),04/10/21 23:00:00,A,MED_INP,PC_AREA,DK,2014,30.8,
ESTAT:AEI_PS_INP(1.0),04/10/21 23:00:00,A,MED_INP,PC_AREA,DK,2015,32,
ESTAT:AEI_PS_INP(1.0),04/10/21 23:00:00,A,MED_INP,PC_AREA,DK,2016,32.3,
ESTAT:AEI_PS_INP(1.0),04/10/21 23:00:00,A,MED_INP,PC_AREA,DK,2017,28.6,
ESTAT:AEI_PS_INP(1.0),04/10/21 23:00:00,A,MED_INP,PC_AREA,DK,2018,27.8,
ESTAT:AEI_PS_INP(1.0),04/10/21 23:00:00,A,MED_INP,PC_AREA,DK,2019,31.9,
ESTAT:AEI_PS_INP(1.0),04/10/21 23:00:00,A,MED_INP,PC_AREA,EE,2005,38.8,
ESTAT:AEI_PS_INP(1.0),04/10/21 23:00:00,A,MED_INP,PC_AREA,EE,2006,33.1,
ESTAT:AEI_PS_INP(1.0),04/10/21 23:00:00,A,MED_INP,PC_AREA,EE,2007,30.5,
ESTAT:AEI_PS_INP(1.0),04/10/21 23:00:00,A,MED_INP,PC_AREA,EE,2008,41.2,
ESTAT:AEI_PS_INP(1.0),04/10/21 23:00:00,A,MED_INP,PC_AREA,EE,2009,38.3,
ESTAT:AEI_PS_INP(1.0),04/10/21 23:00:00,A,MED_INP,PC_AREA,EE,2010,33.6,
ESTAT:AEI_PS_INP(1.0),04/10/21 23:00:00,A,MED_INP,PC_AREA,EE,2011,21.5,
ESTAT:AEI_PS_INP(1.0),04/10/21 23:00:00,A,MED_INP,PC_AREA,EE,2012,21.9,
ESTAT:AEI_PS_INP(1.0),04/10/21 23:00:00,A,MED_INP,PC_AREA,EE,2013,15.6,
ESTAT:AEI_PS_INP(1.0),04/10/21 23:00:00,A,MED_INP,PC_AREA,EE,2014,15.1,
ESTAT:AEI_PS_INP(1.0),04/10/21 23:00:00,A,MED_INP,PC_AREA,EE,2015,15.4,
ESTAT:AEI_PS_INP(1.0),04/10/21 23:00:00,A,MED_INP,PC_AREA,EE,2016,15.3,
ESTAT:AEI_PS_INP(1.0),04/10/21 23:00:00,A,MED_INP,PC_AREA,EE,2017,15.3,
ESTAT:AEI_PS_INP(1.0),04/10/21 23:00:00,A,MED_INP,PC_AREA,EE,2018,13.4,
ESTAT:AEI_PS_INP(1.0),04/10/21 23:00:00,A,MED_INP,PC_AREA,EE,2019,13.7,
ESTAT:AEI_PS_INP(1.0),04/10/21 23:00:00,A,MED_INP,PC_AREA,EL,2005,34.5,
ESTAT:AEI_PS_INP(1.0),04/10/21 23:00:00,A,MED_INP,PC_AREA,EL,2006,34.3,
ESTAT:AEI_PS_INP(1.0),04/10/21 23:00:00,A,MED_INP,PC_AREA,EL,2007,34.6,
ESTAT:AEI_PS_INP(1.0),04/10/21 23:00:00,A,MED_INP,PC_AREA,EL,2008,32.4,
ESTAT:AEI_PS_INP(1.0),04/10/21 23:00:00,A,MED_INP,PC_AREA,EL,2009,34.3,
ESTAT:AEI_PS_INP(1.0),04/10/21 23:00:00,A,MED_INP,PC_AREA,EL,2010,33.4,
ESTAT:AEI_PS_INP(1.0),04/10/21 23:00:00,A,MED_INP,PC_AREA,EL,2011,32.5,
ESTAT:AEI_PS_INP(1.0),04/10/21 23:00:00,A,MED_INP,PC_AREA,EL,2012,33.6,
ESTAT:AEI_PS_INP(1.0),04/10/21 23:00:00,A,MED_INP,PC_AREA,EL,2013,30.4,
ESTAT:AEI_PS_INP(1.0),04/10/21 23:00:00,A,MED_INP,PC_AREA,EL,2014,30.9,
ESTAT:AEI_PS_INP(1.0),04/10/21 23:00:00,A,MED_INP,PC_AREA,EL,2015,31.8,
ESTAT:AEI_PS_INP(1.0),04/10/21 23:00:00,A,MED_INP,PC_AREA,EL,2016,29.7,
ESTAT:AEI_PS_INP(1.0),04/10/21 23:00:00,A,MED_INP,PC_AREA,EL,2017,30.7,
ESTAT:AEI_PS_INP(1.0),04/10/21 23:00:00,A,MED_INP,PC_AREA,EL,2018,31.3,
ESTAT:AEI_PS_INP(1.0),04/10/21 23:00:00,A,MED_INP,PC_AREA,EL,2019,31.5,
ESTAT:AEI_PS_INP(1.0),04/10/21 23:00:00,A,MED_INP,PC_AREA,ES,2005,34.7,
ESTAT:AEI_PS_INP(1.0),04/10/21 23:00:00,A,MED_INP,PC_AREA,ES,2006,30.7,
ESTAT:AEI_PS_INP(1.0),04/10/21 23:00:00,A,MED_INP,PC_AREA,ES,2007,30.9,
ESTAT:AEI_PS_INP(1.0),04/10/21 23:00:00,A,MED_INP,PC_AREA,ES,2008,30.4,
ESTAT:AEI_PS_INP(1.0),04/10/21 23:00:00,A,MED_INP,PC_AREA,ES,2009,25.6,
ESTAT:AEI_PS_INP(1.0),04/10/21 23:00:00,A,MED_INP,PC_AREA,ES,2010,33,
ESTAT:AEI_PS_INP(1.0),04/10/21 23:00:00,A,MED_INP,PC_AREA,ES,2011,29,
ESTAT:AEI_PS_INP(1.0),04/10/21 23:00:00,A,MED_INP,PC_AREA,ES,2012,33.6,
ESTAT:AEI_PS_INP(1.0),04/10/21 23:00:00,A,MED_INP,PC_AREA,ES,2013,33.9,
ESTAT:AEI_PS_INP(1.0),04/10/21 23:00:00,A,MED_INP,PC_AREA,ES,2014,35,
ESTAT:AEI_PS_INP(1.0),04/10/21 23:00:00,A,MED_INP,PC_AREA,ES,2015,32.9,
ESTAT:AEI_PS_INP(1.0),04/10/21 23:00:00,A,MED_INP,PC_AREA,ES,2016,30.5,
ESTAT:AEI_PS_INP(1.0),04/10/21 23:00:00,A,MED_INP,PC_AREA,ES,2017,31.5,
ESTAT:AEI_PS_INP(1.0),04/10/21 23:00:00,A,MED_INP,PC_AREA,ES,2018,31.5,
ESTAT:AEI_PS_INP(1.0),04/10/21 23:00:00,A,MED_INP,PC_AREA,ES,2019,30.4,
ESTAT:AEI_PS_INP(1.0),04/10/21 23:00:00,A,MED_INP,PC_AREA,FI,2005,36.9,
ESTAT:AEI_PS_INP(1.0),04/10/21 23:00:00,A,MED_INP,PC_AREA,FI,2006,41.5,
ESTAT:AEI_PS_INP(1.0),04/10/21 23:00:00,A,MED_INP,PC_AREA,FI,2007,42,
ESTAT:AEI_PS_INP(1.0),04/10/21 23:00:00,A,MED_INP,PC_AREA,FI,2008,29,
ESTAT:AEI_PS_INP(1.0),04/10/21 23:00:00,A,MED_INP,PC_AREA,FI,2009,39.5,
ESTAT:AEI_PS_INP(1.0),04/10/21 23:00:00,A,MED_INP,PC_AREA,FI,2010,33.1,
ESTAT:AEI_PS_INP(1.0),04/10/21 23:00:00,A,MED_INP,PC_AREA,FI,2011,30.8,
ESTAT:AEI_PS_INP(1.0),04/10/21 23:00:00,A,MED_INP,PC_AREA,FI,2012,38.2,
ESTAT:AEI_PS_INP(1.0),04/10/21 23:00:00,A,MED_INP,PC_AREA,FI,2013,38.4,
ESTAT:AEI_PS_INP(1.0),04/10/21 23:00:00,A,MED_INP,PC_AREA,FI,2014,37.6,
ESTAT:AEI_PS_INP(1.0),04/10/21 23:00:00,A,MED_INP,PC_AREA,FI,2015,34.5,
ESTAT:AEI_PS_INP(1.0),04/10/21 23:00:00,A,MED_INP,PC_AREA,FI,2016,38.4,
ESTAT:AEI_PS_INP(1.0),04/10/21 23:00:00,A,MED_INP,PC_AREA,FI,2017,32.1,
ESTAT:AEI_PS_INP(1.0),04/10/21 23:00:00,A,MED_INP,PC_AREA,FI,2018,32.2,
ESTAT:AEI_PS_INP(1.0),04/10/21 23:00:00,A,MED_INP,PC_AREA,FI,2019,36.8,
ESTAT:AEI_PS_INP(1.0),04/10/21 23:00:00,A,MED_INP,PC_AREA,FR,2005,37.3,
ESTAT:AEI_PS_INP(1.0),04/10/21 23:00:00,A,MED_INP,PC_AREA,FR,2006,37.5,
ESTAT:AEI_PS_INP(1.0),04/10/21 23:00:00,A,MED_INP,PC_AREA,FR,2007,35,
ESTAT:AEI_PS_INP(1.0),04/10/21 23:00:00,A,MED_INP,PC_AREA,FR,2008,33.5,
ESTAT:AEI_PS_INP(1.0),04/10/21 23:00:00,A,MED_INP,PC_AREA,FR,2009,32.8,
ESTAT:AEI_PS_INP(1.0),04/10/21 23:00:00,A,MED_INP,PC_AREA,FR,2010,33.2,
ESTAT:AEI_PS_INP(1.0),04/10/21 23:00:00,A,MED_INP,PC_AREA,FR,2011,33.9,
ESTAT:AEI_PS_INP(1.0),04/10/21 23:00:00,A,MED_INP,PC_AREA,FR,2012,33.2,
ESTAT:AEI_PS_INP(1.0),04/10/21 23:00:00,A,MED_INP,PC_AREA,FR,2013,29.9,
ESTAT:AEI_PS_INP(1.0),04/10/21 23:00:00,A,MED_INP,PC_AREA,FR,2014,28,
ESTAT:AEI_PS_INP(1.0),04/10/21 23:00:00,A,MED_INP,PC_AREA,FR,2015,31,
ESTAT:AEI_PS_INP(1.0),04/10/21 23:00:00,A,MED_INP,PC_AREA,FR,2016,30.2,
ESTAT:AEI_PS_INP(1.0),04/10/21 23:00:00,A,MED_INP,PC_AREA,FR,2017,31.2,
ESTAT:AEI_PS_INP(1.0),04/10/21 23:00:00,A,MED_INP,PC_AREA,FR,2018,30.9,
ESTAT:AEI_PS_INP(1.0),04/10/21 23:00:00,A,MED_INP,PC_AREA,FR,2019,29.7,
ESTAT:AEI_PS_INP(1.0),04/10/21 23:00:00,A,MED_INP,PC_AREA,HR,2013,34.1,
ESTAT:AEI_PS_INP(1.0),04/10/21 23:00:00,A,MED_INP,PC_AREA,HR,2014,32.8,
ESTAT:AEI_PS_INP(1.0),04/10/21 23:00:00,A,MED_INP,PC_AREA,HR,2015,34.2,
ESTAT:AEI_PS_INP(1.0),04/10/21 23:00:00,A,MED_INP,PC_AREA,HR,2016,30.8,
ESTAT:AEI_PS_INP(1.0),04/10/21 23:00:00,A,MED_INP,PC_AREA,HR,2017,30.6,
ESTAT:AEI_PS_INP(1.0),04/10/21 23:00:00,A,MED_INP,PC_AREA,HR,2018,23.2,
ESTAT:AEI_PS_INP(1.0),04/10/21 23:00:00,A,MED_INP,PC_AREA,HR,2019,23.8,
ESTAT:AEI_PS_INP(1.0),04/10/21 23:00:00,A,MED_INP,PC_AREA,HU,2005,33.6,
ESTAT:AEI_PS_INP(1.0),04/10/21 23:00:00,A,MED_INP,PC_AREA,HU,2006,35.8,
ESTAT:AEI_PS_INP(1.0),04/10/21 23:00:00,A,MED_INP,PC_AREA,HU,2007,35.3,
ESTAT:AEI_PS_INP(1.0),04/10/21 23:00:00,A,MED_INP,PC_AREA,HU,2008,32.4,
ESTAT:AEI_PS_INP(1.0),04/10/21 23:00:00,A,MED_INP,PC_AREA,HU,2009,34,
ESTAT:AEI_PS_INP(1.0),04/10/21 23:00:00,A,MED_INP,PC_AREA,HU,2010,33.3,
ESTAT:AEI_PS_INP(1.0),04/10/21 23:00:00,A,MED_INP,PC_AREA,HU,2011,33.9,
ESTAT:AEI_PS_INP(1.0),04/10/21 23:00:00,A,MED_INP,PC_AREA,HU,2012,32.5,
ESTAT:AEI_PS_INP(1.0),04/10/21 23:00:00,A,MED_INP,PC_AREA,HU,2013,32.3,
ESTAT:AEI_PS_INP(1.0),04/10/21 23:00:00,A,MED_INP,PC_AREA,HU,2014,32.4,
ESTAT:AEI_PS_INP(1.0),04/10/21 23:00:00,A,MED_INP,PC_AREA,HU,2015,36.8,
ESTAT:AEI_PS_INP(1.0),04/10/21 23:00:00,A,MED_INP,PC_AREA,HU,2016,31.4,
ESTAT:AEI_PS_INP(1.0),04/10/21 23:00:00,A,MED_INP,PC_AREA,HU,2017,31.3,
ESTAT:AEI_PS_INP(1.0),04/10/21 23:00:00,A,MED_INP,PC_AREA,HU,2018,36,
ESTAT:AEI_PS_INP(1.0),04/10/21 23:00:00,A,MED_INP,PC_AREA,HU,2019,33.9,
ESTAT:AEI_PS_INP(1.0),04/10/21 23:00:00,A,MED_INP,PC_AREA,IE,2005,35,
ESTAT:AEI_PS_INP(1.0),04/10/21 23:00:00,A,MED_INP,PC_AREA,IE,2006,32.9,
ESTAT:AEI_PS_INP(1.0),04/10/21 23:00:00,A,MED_INP,PC_AREA,IE,2007,31.9,
ESTAT:AEI_PS_INP(1.0),04/10/21 23:00:00,A,MED_INP,PC_AREA,IE,2008,31.8,
ESTAT:AEI_PS_INP(1.0),04/10/21 23:00:00,A,MED_INP,PC_AREA,IE,2009,33.3,
ESTAT:AEI_PS_INP(1.0),04/10/21 23:00:00,A,MED_INP,PC_AREA,IE,2010,33,
ESTAT:AEI_PS_INP(1.0),04/10/21 23:00:00,A,MED_INP,PC_AREA,IE,2011,31.4,
ESTAT:AEI_PS_INP(1.0),04/10/21 23:00:00,A,MED_INP,PC_AREA,IE,2012,31.6,
ESTAT:AEI_PS_INP(1.0),04/10/21 23:00:00,A,MED_INP,PC_AREA,IE,2013,31.4,
ESTAT:AEI_PS_INP(1.0),04/10/21 23:00:00,A,MED_INP,PC_AREA,IE,2014,29.4,
ESTAT:AEI_PS_INP(1.0),04/10/21 23:00:00,A,MED_INP,PC_AREA,IE,2015,28.7,
ESTAT:AEI_PS_INP(1.0),04/10/21 23:00:00,A,MED_INP,PC_AREA,IE,2016,27.6,
ESTAT:AEI_PS_INP(1.0),04/10/21 23:00:00,A,MED_INP,PC_AREA,IE,2017,26.2,
ESTAT:AEI_PS_INP(1.0),04/10/21 23:00:00,A,MED_INP,PC_AREA,IE,2018,28.1,
ESTAT:AEI_PS_INP(1.0),04/10/21 23:00:00,A,MED_INP,PC_AREA,IE,2019,28.8,
ESTAT:AEI_PS_INP(1.0),04/10/21 23:00:00,A,MED_INP,PC_AREA,IT,2005,35.1,
ESTAT:AEI_PS_INP(1.0),04/10/21 23:00:00,A,MED_INP,PC_AREA,IT,2006,33.5,
ESTAT:AEI_PS_INP(1.0),04/10/21 23:00:00,A,MED_INP,PC_AREA,IT,2007,35.1,
ESTAT:AEI_PS_INP(1.0),04/10/21 23:00:00,A,MED_INP,PC_AREA,IT,2008,35.4,
ESTAT:AEI_PS_INP(1.0),04/10/21 23:00:00,A,MED_INP,PC_AREA,IT,2009,32.6,
ESTAT:AEI_PS_INP(1.0),04/10/21 23:00:00,A,MED_INP,PC_AREA,IT,2010,33.2,
ESTAT:AEI_PS_INP(1.0),04/10/21 23:00:00,A,MED_INP,PC_AREA,IT,2011,30.8,
ESTAT:AEI_PS_INP(1.0),04/10/21 23:00:00,A,MED_INP,PC_AREA,IT,2012,30,
ESTAT:AEI_PS_INP(1.0),04/10/21 23:00:00,A,MED_INP,PC_AREA,IT,2013,30.5,
ESTAT:AEI_PS_INP(1.0),04/10/21 23:00:00,A,MED_INP,PC_AREA,IT,2014,31.4,
ESTAT:AEI_PS_INP(1.0),04/10/21 23:00:00,A,MED_INP,PC_AREA,IT,2015,31.4,
ESTAT:AEI_PS_INP(1.0),04/10/21 23:00:00,A,MED_INP,PC_AREA,IT,2016,31.5,
ESTAT:AEI_PS_INP(1.0),04/10/21 23:00:00,A,MED_INP,PC_AREA,IT,2017,30.9,
ESTAT:AEI_PS_INP(1.0),04/10/21 23:00:00,A,MED_INP,PC_AREA,IT,2018,30.3,
ESTAT:AEI_PS_INP(1.0),04/10/21 23:00:00,A,MED_INP,PC_AREA,IT,2019,31,
ESTAT:AEI_PS_INP(1.0),04/10/21 23:00:00,A,MED_INP,PC_AREA,LT,2005,42.5,
ESTAT:AEI_PS_INP(1.0),04/10/21 23:00:00,A,MED_INP,PC_AREA,LT,2006,48.6,
ESTAT:AEI_PS_INP(1.0),04/10/21 23:00:00,A,MED_INP,PC_AREA,LT,2007,39.8,
ESTAT:AEI_PS_INP(1.0),04/10/21 23:00:00,A,MED_INP,PC_AREA,LT,2008,37.3,
ESTAT:AEI_PS_INP(1.0),04/10/21 23:00:00,A,MED_INP,PC_AREA,LT,2009,34,
ESTAT:AEI_PS_INP(1.0),04/10/21 23:00:00,A,MED_INP,PC_AREA,LT,2010,33.2,
ESTAT:AEI_PS_INP(1.0),04/10/21 23:00:00,A,MED_INP,PC_AREA,LT,2011,32.6,
ESTAT:AEI_PS_INP(1.0),04/10/21 23:00:00,A,MED_INP,PC_AREA,LT,2012,27.5,
ESTAT:AEI_PS_INP(1.0),04/10/21 23:00:00,A,MED_INP,PC_AREA,LT,2013,25.9,
ESTAT:AEI_PS_INP(1.0),04/10/21 23:00:00,A,MED_INP,PC_AREA,LT,2014,25.3,
ESTAT:AEI_PS_INP(1.0),04/10/21 23:00:00,A,MED_INP,PC_AREA,LT,2015,23,
ESTAT:AEI_PS_INP(1.0),04/10/21 23:00:00,A,MED_INP,PC_AREA,LT,2016,19.4,
ESTAT:AEI_PS_INP(1.0),04/10/21 23:00:00,A,MED_INP,PC_AREA,LT,2017,21.7,
ESTAT:AEI_PS_INP(1.0),04/10/21 23:00:00,A,MED_INP,PC_AREA,LT,2018,23.1,
ESTAT:AEI_PS_INP(1.0),04/10/21 23:00:00,A,MED_INP,PC_AREA,LT,2019,21,
ESTAT:AEI_PS_INP(1.0),04/10/21 23:00:00,A,MED_INP,PC_AREA,LU,2005,38.6,
ESTAT:AEI_PS_INP(1.0),04/10/21 23:00:00,A,MED_INP,PC_AREA,LU,2006,40.8,
ESTAT:AEI_PS_INP(1.0),04/10/21 23:00:00,A,MED_INP,PC_AREA,LU,2007,39,
ESTAT:AEI_PS_INP(1.0),04/10/21 23:00:00,A,MED_INP,PC_AREA,LU,2008,39,
ESTAT:AEI_PS_INP(1.0),04/10/21 23:00:00,A,MED_INP,PC_AREA,LU,2009,35.7,
ESTAT:AEI_PS_INP(1.0),04/10/21 23:00:00,A,MED_INP,PC_AREA,LU,2010,33.7,
ESTAT:AEI_PS_INP(1.0),04/10/21 23:00:00,A,MED_INP,PC_AREA,LU,2011,34.5,
ESTAT:AEI_PS_INP(1.0),04/10/21 23:00:00,A,MED_INP,PC_AREA,LU,2012,31.5,
ESTAT:AEI_PS_INP(1.0),04/10/21 23:00:00,A,MED_INP,PC_AREA,LU,2013,28.5,
ESTAT:AEI_PS_INP(1.0),04/10/21 23:00:00,A,MED_INP,PC_AREA,LU,2014,30,
ESTAT:AEI_PS_INP(1.0),04/10/21 23:00:00,A,MED_INP,PC_AREA,LU,2015,29.5,
ESTAT:AEI_PS_INP(1.0),04/10/21 23:00:00,A,MED_INP,PC_AREA,LU,2016,24.5,
ESTAT:AEI_PS_INP(1.0),04/10/21 23:00:00,A,MED_INP,PC_AREA,LU,2017,21.3,
ESTAT:AEI_PS_INP(1.0),04/10/21 23:00:00,A,MED_INP,PC_AREA,LU,2018,22.5,
ESTAT:AEI_PS_INP(1.0),04/10/21 23:00:00,A,MED_INP,PC_AREA,LU,2019,21.1,
ESTAT:AEI_PS_INP(1.0),04/10/21 23:00:00,A,MED_INP,PC_AREA,LV,2005,38.3,
ESTAT:AEI_PS_INP(1.0),04/10/21 23:00:00,A,MED_INP,PC_AREA,LV,2006,32.2,
ESTAT:AEI_PS_INP(1.0),04/10/21 23:00:00,A,MED_INP,PC_AREA,LV,2007,34.7,
ESTAT:AEI_PS_INP(1.0),04/10/21 23:00:00,A,MED_INP,PC_AREA,LV,2008,34.1,
ESTAT:AEI_PS_INP(1.0),04/10/21 23:00:00,A,MED_INP,PC_AREA,LV,2009,30.9,
ESTAT:AEI_PS_INP(1.0),04/10/21 23:00:00,A,MED_INP,PC_AREA,LV,2010,33.3,
ESTAT:AEI_PS_INP(1.0),04/10/21 23:00:00,A,MED_INP,PC_AREA,LV,2011,31.8,
ESTAT:AEI_PS_INP(1.0),04/10/21 23:00:00,A,MED_INP,PC_AREA,LV,2012,27.9,
ESTAT:AEI_PS_INP(1.0),04/10/21 23:00:00,A,MED_INP,PC_AREA,LV,2013,24.3,
ESTAT:AEI_PS_INP(1.0),04/10/21 23:00:00,A,MED_INP,PC_AREA,LV,2014,26.4,
ESTAT:AEI_PS_INP(1.0),04/10/21 23:00:00,A,MED_INP,PC_AREA,LV,2015,24.2,
ESTAT:AEI_PS_INP(1.0),04/10/21 23:00:00,A,MED_INP,PC_AREA,LV,2016,24.3,
ESTAT:AEI_PS_INP(1.0),04/10/21 23:00:00,A,MED_INP,PC_AREA,LV,2017,20.7,
ESTAT:AEI_PS_INP(1.0),04/10/21 23:00:00,A,MED_INP,PC_AREA,LV,2018,21.5,
ESTAT:AEI_PS_INP(1.0),04/10/21 23:00:00,A,MED_INP,PC_AREA,LV,2019,19.5,
ESTAT:AEI_PS_INP(1.0),04/10/21 23:00:00,A,MED_INP,PC_AREA,MT,2005,30.8,
ESTAT:AEI_PS_INP(1.0),04/10/21 23:00:00,A,MED_INP,PC_AREA,MT,2006,37.8,
ESTAT:AEI_PS_INP(1.0),04/10/21 23:00:00,A,MED_INP,PC_AREA,MT,2007,46.2,
ESTAT:AEI_PS_INP(1.0),04/10/21 23:00:00,A,MED_INP,PC_AREA,MT,2008,30.9,
ESTAT:AEI_PS_INP(1.0),04/10/21 23:00:00,A,MED_INP,PC_AREA,MT,2009,34.4,
ESTAT:AEI_PS_INP(1.0),04/10/21 23:00:00,A,MED_INP,PC_AREA,MT,2010,33.7,
ESTAT:AEI_PS_INP(1.0),04/10/21 23:00:00,A,MED_INP,PC_AREA,MT,2011,33.6,
ESTAT:AEI_PS_INP(1.0),04/10/21 23:00:00,A,MED_INP,PC_AREA,MT,2012,38.5,
ESTAT:AEI_PS_INP(1.0),04/10/21 23:00:00,A,MED_INP,PC_AREA,MT,2013,35.7,
ESTAT:AEI_PS_INP(1.0),04/10/21 23:00:00,A,MED_INP,PC_AREA,MT,2014,32.5,
ESTAT:AEI_PS_INP(1.0),04/10/21 23:00:00,A,MED_INP,PC_AREA,MT,2015,26.7,
ESTAT:AEI_PS_INP(1.0),04/10/21 23:00:00,A,MED_INP,PC_AREA,MT,2016,27.3,
ESTAT:AEI_PS_INP(1.0),04/10/21 23:00:00,A,MED_INP,PC_AREA,MT,2017,31.3,
ESTAT:AEI_PS_INP(1.0),04/10/21 23:00:00,A,MED_INP,PC_AREA,MT,2018,32.8,
ESTAT:AEI_PS_INP(1.0),04/10/21 23:00:00,A,MED_INP,PC_AREA,MT,2019,30.3,
ESTAT:AEI_PS_INP(1.0),04/10/21 23:00:00,A,MED_INP,PC_AREA,NL,2005,35.2,
ESTAT:AEI_PS_INP(1.0),04/10/21 23:00:00,A,MED_INP,PC_AREA,NL,2006,32.8,
ESTAT:AEI_PS_INP(1.0),04/10/21 23:00:00,A,MED_INP,PC_AREA,NL,2007,34.8,
ESTAT:AEI_PS_INP(1.0),04/10/21 23:00:00,A,MED_INP,PC_AREA,NL,2008,29.3,
ESTAT:AEI_PS_INP(1.0),04/10/21 23:00:00,A,MED_INP,PC_AREA,NL,2009,33,
ESTAT:AEI_PS_INP(1.0),04/10/21 23:00:00,A,MED_INP,PC_AREA,NL,2010,33.3,
ESTAT:AEI_PS_INP(1.0),04/10/21 23:00:00,A,MED_INP,PC_AREA,NL,2011,32.7,
ESTAT:AEI_PS_INP(1.0),04/10/21 23:00:00,A,MED_INP,PC_AREA,NL,2012,31.9,
ESTAT:AEI_PS_INP(1.0),04/10/21 23:00:00,A,MED_INP,PC_AREA,NL,2013,30.8,
ESTAT:AEI_PS_INP(1.0),04/10/21 23:00:00,A,MED_INP,PC_AREA,NL,2014,30.3,
ESTAT:AEI_PS_INP(1.0),04/10/21 23:00:00,A,MED_INP,PC_AREA,NL,2015,25.7,
ESTAT:AEI_PS_INP(1.0),04/10/21 23:00:00,A,MED_INP,PC_AREA,NL,2016,26,
ESTAT:AEI_PS_INP(1.0),04/10/21 23:00:00,A,MED_INP,PC_AREA,NL,2017,23.7,
ESTAT:AEI_PS_INP(1.0),04/10/21 23:00:00,A,MED_INP,PC_AREA,NL,2018,26.2,
ESTAT:AEI_PS_INP(1.0),04/10/21 23:00:00,A,MED_INP,PC_AREA,NL,2019,28.3,
ESTAT:AEI_PS_INP(1.0),04/10/21 23:00:00,A,MED_INP,PC_AREA,PL,2005,37.1,
ESTAT:AEI_PS_INP(1.0),04/10/21 23:00:00,A,MED_INP,PC_AREA,PL,2006,37.8,
ESTAT:AEI_PS_INP(1.0),04/10/21 23:00:00,A,MED_INP,PC_AREA,PL,2007,36.8,
ESTAT:AEI_PS_INP(1.0),04/10/21 23:00:00,A,MED_INP,PC_AREA,PL,2008,33.7,
ESTAT:AEI_PS_INP(1.0),04/10/21 23:00:00,A,MED_INP,PC_AREA,PL,2009,34.4,
ESTAT:AEI_PS_INP(1.0),04/10/21 23:00:00,A,MED_INP,PC_AREA,PL,2010,33.5,
ESTAT:AEI_PS_INP(1.0),04/10/21 23:00:00,A,MED_INP,PC_AREA,PL,2011,34.1,
ESTAT:AEI_PS_INP(1.0),04/10/21 23:00:00,A,MED_INP,PC_AREA,PL,2012,32.4,
ESTAT:AEI_PS_INP(1.0),04/10/21 23:00:00,A,MED_INP,PC_AREA,PL,2013,32.6,
ESTAT:AEI_PS_INP(1.0),04/10/21 23:00:00,A,MED_INP,PC_AREA,PL,2014,32.8,
ESTAT:AEI_PS_INP(1.0),04/10/21 23:00:00,A,MED_INP,PC_AREA,PL,2015,31.4,
ESTAT:AEI_PS_INP(1.0),04/10/21 23:00:00,A,MED_INP,PC_AREA,PL,2016,33.2,
ESTAT:AEI_PS_INP(1.0),04/10/21 23:00:00,A,MED_INP,PC_AREA,PL,2017,34.6,
ESTAT:AEI_PS_INP(1.0),04/10/21 23:00:00,A,MED_INP,PC_AREA,PL,2018,34.6,
ESTAT:AEI_PS_INP(1.0),04/10/21 23:00:00,A,MED_INP,PC_AREA,PL,2019,34.7,
ESTAT:AEI_PS_INP(1.0),04/10/21 23:00:00,A,MED_INP,PC_AREA,PT,2005,34.1,
ESTAT:AEI_PS_INP(1.0),04/10/21 23:00:00,A,MED_INP,PC_AREA,PT,2006,34.9,
ESTAT:AEI_PS_INP(1.0),04/10/21 23:00:00,A,MED_INP,PC_AREA,PT,2007,32.5,
ESTAT:AEI_PS_INP(1.0),04/10/21 23:00:00,A,MED_INP,PC_AREA,PT,2008,28.7,
ESTAT:AEI_PS_INP(1.0),04/10/21 23:00:00,A,MED_INP,PC_AREA,PT,2009,30.9,
ESTAT:AEI_PS_INP(1.0),04/10/21 23:00:00,A,MED_INP,PC_AREA,PT,2010,33.4,
ESTAT:AEI_PS_INP(1.0),04/10/21 23:00:00,A,MED_INP,PC_AREA,PT,2011,30,
ESTAT:AEI_PS_INP(1.0),04/10/21 23:00:00,A,MED_INP,PC_AREA,PT,2012,38.6,
ESTAT:AEI_PS_INP(1.0),04/10/21 23:00:00,A,MED_INP,PC_AREA,PT,2013,35.5,
ESTAT:AEI_PS_INP(1.0),04/10/21 23:00:00,A,MED_INP,PC_AREA,PT,2014,32.8,
ESTAT:AEI_PS_INP(1.0),04/10/21 23:00:00,A,MED_INP,PC_AREA,PT,2015,28.1,
ESTAT:AEI_PS_INP(1.0),04/10/21 23:00:00,A,MED_INP,PC_AREA,PT,2016,27.7,
ESTAT:AEI_PS_INP(1.0),04/10/21 23:00:00,A,MED_INP,PC_AREA,PT,2017,32.6,
ESTAT:AEI_PS_INP(1.0),04/10/21 23:00:00,A,MED_INP,PC_AREA,PT,2018,26.2,
ESTAT:AEI_PS_INP(1.0),04/10/21 23:00:00,A,MED_INP,PC_AREA,PT,2019,30.8,
ESTAT:AEI_PS_INP(1.0),04/10/21 23:00:00,A,MED_INP,PC_AREA,RO,2007,19.6,
ESTAT:AEI_PS_INP(1.0),04/10/21 23:00:00,A,MED_INP,PC_AREA,RO,2008,25.7,
ESTAT:AEI_PS_INP(1.0),04/10/21 23:00:00,A,MED_INP,PC_AREA,RO,2009,25.5,
ESTAT:AEI_PS_INP(1.0),04/10/21 23:00:00,A,MED_INP,PC_AREA,RO,2010,33.1,
ESTAT:AEI_PS_INP(1.0),04/10/21 23:00:00,A,MED_INP,PC_AREA,RO,2011,34,
ESTAT:AEI_PS_INP(1.0),04/10/21 23:00:00,A,MED_INP,PC_AREA,RO,2012,35.5,
ESTAT:AEI_PS_INP(1.0),04/10/21 23:00:00,A,MED_INP,PC_AREA,RO,2013,29.8,
ESTAT:AEI_PS_INP(1.0),04/10/21 23:00:00,A,MED_INP,PC_AREA,RO,2014,27.1,
ESTAT:AEI_PS_INP(1.0),04/10/21 23:00:00,A,MED_INP,PC_AREA,RO,2015,31.2,
ESTAT:AEI_PS_INP(1.0),04/10/21 23:00:00,A,MED_INP,PC_AREA,RO,2016,29.7,
ESTAT:AEI_PS_INP(1.0),04/10/21 23:00:00,A,MED_INP,PC_AREA,RO,2017,32,
ESTAT:AEI_PS_INP(1.0),04/10/21 23:00:00,A,MED_INP,PC_AREA,RO,2018,12.7,
ESTAT:AEI_PS_INP(1.0),04/10/21 23:00:00,A,MED_INP,PC_AREA,RO,2019,20.1,
ESTAT:AEI_PS_INP(1.0),04/10/21 23:00:00,A,MED_INP,PC_AREA,SE,2005,34.3,
ESTAT:AEI_PS_INP(1.0),04/10/21 23:00:00,A,MED_INP,PC_AREA,SE,2006,34.7,
ESTAT:AEI_PS_INP(1.0),04/10/21 23:00:00,A,MED_INP,PC_AREA,SE,2007,34,
ESTAT:AEI_PS_INP(1.0),04/10/21 23:00:00,A,MED_INP,PC_AREA,SE,2008,31.5,
ESTAT:AEI_PS_INP(1.0),04/10/21 23:00:00,A,MED_INP,PC_AREA,SE,2009,33.9,
ESTAT:AEI_PS_INP(1.0),04/10/21 23:00:00,A,MED_INP,PC_AREA,SE,2010,33.8,
ESTAT:AEI_PS_INP(1.0),04/10/21 23:00:00,A,MED_INP,PC_AREA,SE,2011,31.8,
ESTAT:AEI_PS_INP(1.0),04/10/21 23:00:00,A,MED_INP,PC_AREA,SE,2012,30.1,
ESTAT:AEI_PS_INP(1.0),04/10/21 23:00:00,A,MED_INP,PC_AREA,SE,2013,29.4,
ESTAT:AEI_PS_INP(1.0),04/10/21 23:00:00,A,MED_INP,PC_AREA,SE,2014,35,
ESTAT:AEI_PS_INP(1.0),04/10/21 23:00:00,A,MED_INP,PC_AREA,SE,2015,37.4,
ESTAT:AEI_PS_INP(1.0),04/10/21 23:00:00,A,MED_INP,PC_AREA,SE,2016,36.8,
ESTAT:AEI_PS_INP(1.0),04/10/21 23:00:00,A,MED_INP,PC_AREA,SE,2017,36.6,
ESTAT:AEI_PS_INP(1.0),04/10/21 23:00:00,A,MED_INP,PC_AREA,SE,2018,37.1,
ESTAT:AEI_PS_INP(1.0),04/10/21 23:00:00,A,MED_INP,PC_AREA,SE,2019,34.8,
ESTAT:AEI_PS_INP(1.0),04/10/21 23:00:00,A,MED_INP,PC_AREA,SI,2005,40,
ESTAT:AEI_PS_INP(1.0),04/10/21 23:00:00,A,MED_INP,PC_AREA,SI,2006,38.4,
ESTAT:AEI_PS_INP(1.0),04/10/21 23:00:00,A,MED_INP,PC_AREA,SI,2007,37.5,
ESTAT:AEI_PS_INP(1.0),04/10/21 23:00:00,A,MED_INP,PC_AREA,SI,2008,36.8,
ESTAT:AEI_PS_INP(1.0),04/10/21 23:00:00,A,MED_INP,PC_AREA,SI,2009,35.6,
ESTAT:AEI_PS_INP(1.0),04/10/21 23:00:00,A,MED_INP,PC_AREA,SI,2010,33.6,
ESTAT:AEI_PS_INP(1.0),04/10/21 23:00:00,A,MED_INP,PC_AREA,SI,2011,35.9,
ESTAT:AEI_PS_INP(1.0),04/10/21 23:00:00,A,MED_INP,PC_AREA,SI,2012,35.2,
ESTAT:AEI_PS_INP(1.0),04/10/21 23:00:00,A,MED_INP,PC_AREA,SI,2013,38.1,
ESTAT:AEI_PS_INP(1.0),04/10/21 23:00:00,A,MED_INP,PC_AREA,SI,2014,35.7,
ESTAT:AEI_PS_INP(1.0),04/10/21 23:00:00,A,MED_INP,PC_AREA,SI,2015,34.5,
ESTAT:AEI_PS_INP(1.0),04/10/21 23:00:00,A,MED_INP,PC_AREA,SI,2016,33.5,
ESTAT:AEI_PS_INP(1.0),04/10/21 23:00:00,A,MED_INP,PC_AREA,SI,2017,34.4,
ESTAT:AEI_PS_INP(1.0),04/10/21 23:00:00,A,MED_INP,PC_AREA,SI,2018,32.7,
ESTAT:AEI_PS_INP(1.0),04/10/21 23:00:00,A,MED_INP,PC_AREA,SI,2019,32.4,
ESTAT:AEI_PS_INP(1.0),04/10/21 23:00:00,A,MED_INP,PC_AREA,SK,2005,34.1,
ESTAT:AEI_PS_INP(1.0),04/10/21 23:00:00,A,MED_INP,PC_AREA,SK,2006,35.9,
ESTAT:AEI_PS_INP(1.0),04/10/21 23:00:00,A,MED_INP,PC_AREA,SK,2007,35,
ESTAT:AEI_PS_INP(1.0),04/10/21 23:00:00,A,MED_INP,PC_AREA,SK,2008,22.5,
ESTAT:AEI_PS_INP(1.0),04/10/21 23:00:00,A,MED_INP,PC_AREA,SK,2009,30,
ESTAT:AEI_PS_INP(1.0),04/10/21 23:00:00,A,MED_INP,PC_AREA,SK,2010,33.6,
ESTAT:AEI_PS_INP(1.0),04/10/21 23:00:00,A,MED_INP,PC_AREA,SK,2011,24.3,
ESTAT:AEI_PS_INP(1.0),04/10/21 23:00:00,A,MED_INP,PC_AREA,SK,2012,21.8,
ESTAT:AEI_PS_INP(1.0),04/10/21 23:00:00,A,MED_INP,PC_AREA,SK,2013,18.9,
ESTAT:AEI_PS_INP(1.0),04/10/21 23:00:00,A,MED_INP,PC_AREA,SK,2014,14.6,
ESTAT:AEI_PS_INP(1.0),04/10/21 23:00:00,A,MED_INP,PC_AREA,SK,2015,15.9,
ESTAT:AEI_PS_INP(1.0),04/10/21 23:00:00,A,MED_INP,PC_AREA,SK,2016,14.6,
ESTAT:AEI_PS_INP(1.0),04/10/21 23:00:00,A,MED_INP,PC_AREA,SK,2017,19.6,
ESTAT:AEI_PS_INP(1.0),04/10/21 23:00:00,A,MED_INP,PC_AREA,SK,2018,20.2,
ESTAT:AEI_PS_INP(1.0),04/10/21 23:00:00,A,MED_INP,PC_AREA,SK,2019,20.5,
ESTAT:AEI_PS_INP(1.0),04/10/21 23:00:00,A,MED_INP,PC_AREA,UK,2005,26.8,
ESTAT:AEI_PS_INP(1.0),04/10/21 23:00:00,A,MED_INP,PC_AREA,UK,2006,26.6,
ESTAT:AEI_PS_INP(1.0),04/10/21 23:00:00,A,MED_INP,PC_AREA,UK,2007,26.7,
ESTAT:AEI_PS_INP(1.0),04/10/21 23:00:00,A,MED_INP,PC_AREA,UK,2008,35.8,
ESTAT:AEI_PS_INP(1.0),04/10/21 23:00:00,A,MED_INP,PC_AREA,UK,2009,32.5,
ESTAT:AEI_PS_INP(1.0),04/10/21 23:00:00,A,MED_INP,PC_AREA,UK,2010,33.3,
ESTAT:AEI_PS_INP(1.0),04/10/21 23:00:00,A,MED_INP,PC_AREA,UK,2011,33.8,
ESTAT:AEI_PS_INP(1.0),04/10/21 23:00:00,A,MED_INP,PC_AREA,UK,2012,25.2,
ESTAT:AEI_PS_INP(1.0),04/10/21 23:00:00,A,MED_INP,PC_AREA,UK,2013,26.9,
ESTAT:AEI_PS_INP(1.0),04/10/21 23:00:00,A,MED_INP,PC_AREA,UK,2014,24.7,
ESTAT:AEI_PS_INP(1.0),04/10/21 23:00:00,A,MED_INP,PC_AREA,UK,2015,24.6,
ESTAT:AEI_PS_INP(1.0),04/10/21 23:00:00,A,MED_INP,PC_AREA,UK,2016,26.8,
ESTAT:AEI_PS_INP(1.0),04/10/21 23:00:00,A,MED_INP,PC_AREA,UK,2017,32.8,
ESTAT:AEI_PS_INP(1.0),04/10/21 23:00:00,A,MED_INP,PC_AREA,UK,2018,34.2,
ESTAT:AEI_PS_INP(1.0),04/10/21 23:00:00,A,MED_INP,PC_AREA,UK,2019,33.1,
