DATAFLOW,LAST UPDATE,freq,unit,indic_fo,geo,TIME_PERIOD,OBS_VALUE,OBS_FLAG
ESTAT:FOR_AREA(1.0),12/03/21 11:00:00,A,THS_HA,FOR,AT,1990,3775.67,
ESTAT:FOR_AREA(1.0),12/03/21 11:00:00,A,THS_HA,FOR,AT,2000,3838.14,
ESTAT:FOR_AREA(1.0),12/03/21 11:00:00,A,THS_HA,FOR,AT,2010,3863.20,
ESTAT:FOR_AREA(1.0),12/03/21 11:00:00,A,THS_HA,FOR,AT,2015,3881.19,
ESTAT:FOR_AREA(1.0),12/03/21 11:00:00,A,THS_HA,FOR,AT,2016,3884.79,
ESTAT:FOR_AREA(1.0),12/03/21 11:00:00,A,THS_HA,FOR,AT,2017,3888.38,
ESTAT:FOR_AREA(1.0),12/03/21 11:00:00,A,THS_HA,FOR,AT,2018,3891.97,
ESTAT:FOR_AREA(1.0),12/03/21 11:00:00,A,THS_HA,FOR,AT,2019,3895.56,
ESTAT:FOR_AREA(1.0),12/03/21 11:00:00,A,THS_HA,FOR,AT,2020,3899.15,
ESTAT:FOR_AREA(1.0),12/03/21 11:00:00,A,THS_HA,FOR,BA,1990,2210.00,
ESTAT:FOR_AREA(1.0),12/03/21 11:00:00,A,THS_HA,FOR,BA,2000,2111.65,
ESTAT:FOR_AREA(1.0),12/03/21 11:00:00,A,THS_HA,FOR,BA,2010,2102.66,
ESTAT:FOR_AREA(1.0),12/03/21 11:00:00,A,THS_HA,FOR,BA,2015,2160.50,
ESTAT:FOR_AREA(1.0),12/03/21 11:00:00,A,THS_HA,FOR,BA,2016,2176.51,
ESTAT:FOR_AREA(1.0),12/03/21 11:00:00,A,THS_HA,FOR,BA,2017,2187.91,
ESTAT:FOR_AREA(1.0),12/03/21 11:00:00,A,THS_HA,FOR,BA,2018,2187.91,
ESTAT:FOR_AREA(1.0),12/03/21 11:00:00,A,THS_HA,FOR,BA,2019,2187.91,
ESTAT:FOR_AREA(1.0),12/03/21 11:00:00,A,THS_HA,FOR,BA,2020,2187.91,
ESTAT:FOR_AREA(1.0),12/03/21 11:00:00,A,THS_HA,FOR,BE,1990,677.40,
ESTAT:FOR_AREA(1.0),12/03/21 11:00:00,A,THS_HA,FOR,BE,2000,667.30,
ESTAT:FOR_AREA(1.0),12/03/21 11:00:00,A,THS_HA,FOR,BE,2010,689.87,
ESTAT:FOR_AREA(1.0),12/03/21 11:00:00,A,THS_HA,FOR,BE,2015,689.30,
ESTAT:FOR_AREA(1.0),12/03/21 11:00:00,A,THS_HA,FOR,BE,2016,689.30,
ESTAT:FOR_AREA(1.0),12/03/21 11:00:00,A,THS_HA,FOR,BE,2017,689.30,
ESTAT:FOR_AREA(1.0),12/03/21 11:00:00,A,THS_HA,FOR,BE,2018,689.30,
ESTAT:FOR_AREA(1.0),12/03/21 11:00:00,A,THS_HA,FOR,BE,2019,689.30,
ESTAT:FOR_AREA(1.0),12/03/21 11:00:00,A,THS_HA,FOR,BE,2020,689.30,
ESTAT:FOR_AREA(1.0),12/03/21 11:00:00,A,THS_HA,FOR,BG,1990,3327.00,
ESTAT:FOR_AREA(1.0),12/03/21 11:00:00,A,THS_HA,FOR,BG,2000,3375.00,
ESTAT:FOR_AREA(1.0),12/03/21 11:00:00,A,THS_HA,FOR,BG,2010,3737.00,
ESTAT:FOR_AREA(1.0),12/03/21 11:00:00,A,THS_HA,FOR,BG,2015,3833.00,
ESTAT:FOR_AREA(1.0),12/03/21 11:00:00,A,THS_HA,FOR,BG,2016,3841.00,
ESTAT:FOR_AREA(1.0),12/03/21 11:00:00,A,THS_HA,FOR,BG,2017,3854.00,
ESTAT:FOR_AREA(1.0),12/03/21 11:00:00,A,THS_HA,FOR,BG,2018,3867.00,
ESTAT:FOR_AREA(1.0),12/03/21 11:00:00,A,THS_HA,FOR,BG,2019,3880.00,
ESTAT:FOR_AREA(1.0),12/03/21 11:00:00,A,THS_HA,FOR,BG,2020,3893.00,
ESTAT:FOR_AREA(1.0),12/03/21 11:00:00,A,THS_HA,FOR,CH,1990,1153.50,
ESTAT:FOR_AREA(1.0),12/03/21 11:00:00,A,THS_HA,FOR,CH,2000,1196.18,
ESTAT:FOR_AREA(1.0),12/03/21 11:00:00,A,THS_HA,FOR,CH,2010,1234.72,
ESTAT:FOR_AREA(1.0),12/03/21 11:00:00,A,THS_HA,FOR,CH,2015,1251.91,
ESTAT:FOR_AREA(1.0),12/03/21 11:00:00,A,THS_HA,FOR,CH,2016,1255.35,
ESTAT:FOR_AREA(1.0),12/03/21 11:00:00,A,THS_HA,FOR,CH,2017,1258.79,
ESTAT:FOR_AREA(1.0),12/03/21 11:00:00,A,THS_HA,FOR,CH,2018,1262.23,
ESTAT:FOR_AREA(1.0),12/03/21 11:00:00,A,THS_HA,FOR,CH,2019,1265.67,
ESTAT:FOR_AREA(1.0),12/03/21 11:00:00,A,THS_HA,FOR,CH,2020,1269.11,
ESTAT:FOR_AREA(1.0),12/03/21 11:00:00,A,THS_HA,FOR,CZ,1990,2629.42,
ESTAT:FOR_AREA(1.0),12/03/21 11:00:00,A,THS_HA,FOR,CZ,2000,2637.29,
ESTAT:FOR_AREA(1.0),12/03/21 11:00:00,A,THS_HA,FOR,CZ,2010,2657.38,
ESTAT:FOR_AREA(1.0),12/03/21 11:00:00,A,THS_HA,FOR,CZ,2015,2668.39,
ESTAT:FOR_AREA(1.0),12/03/21 11:00:00,A,THS_HA,FOR,CZ,2016,2669.85,
ESTAT:FOR_AREA(1.0),12/03/21 11:00:00,A,THS_HA,FOR,CZ,2017,2671.66,
ESTAT:FOR_AREA(1.0),12/03/21 11:00:00,A,THS_HA,FOR,CZ,2018,2673.47,
ESTAT:FOR_AREA(1.0),12/03/21 11:00:00,A,THS_HA,FOR,CZ,2019,2675.28,
ESTAT:FOR_AREA(1.0),12/03/21 11:00:00,A,THS_HA,FOR,CZ,2020,2677.09,
ESTAT:FOR_AREA(1.0),12/03/21 11:00:00,A,THS_HA,FOR,DE,1990,11300.00,
ESTAT:FOR_AREA(1.0),12/03/21 11:00:00,A,THS_HA,FOR,DE,2000,11354.00,
ESTAT:FOR_AREA(1.0),12/03/21 11:00:00,A,THS_HA,FOR,DE,2010,11409.00,
ESTAT:FOR_AREA(1.0),12/03/21 11:00:00,A,THS_HA,FOR,DE,2015,11419.00,
ESTAT:FOR_AREA(1.0),12/03/21 11:00:00,A,THS_HA,FOR,DE,2016,11419.00,
ESTAT:FOR_AREA(1.0),12/03/21 11:00:00,A,THS_HA,FOR,DE,2017,11419.00,
ESTAT:FOR_AREA(1.0),12/03/21 11:00:00,A,THS_HA,FOR,DE,2018,11419.00,
ESTAT:FOR_AREA(1.0),12/03/21 11:00:00,A,THS_HA,FOR,DE,2019,11419.00,
ESTAT:FOR_AREA(1.0),12/03/21 11:00:00,A,THS_HA,FOR,DE,2020,11419.00,
ESTAT:FOR_AREA(1.0),12/03/21 11:00:00,A,THS_HA,FOR,DK,1990,531.44,
ESTAT:FOR_AREA(1.0),12/03/21 11:00:00,A,THS_HA,FOR,DK,2000,571.60,
ESTAT:FOR_AREA(1.0),12/03/21 11:00:00,A,THS_HA,FOR,DK,2010,586.49,
ESTAT:FOR_AREA(1.0),12/03/21 11:00:00,A,THS_HA,FOR,DK,2015,624.68,
ESTAT:FOR_AREA(1.0),12/03/21 11:00:00,A,THS_HA,FOR,DK,2016,624.66,
ESTAT:FOR_AREA(1.0),12/03/21 11:00:00,A,THS_HA,FOR,DK,2017,625.60,
ESTAT:FOR_AREA(1.0),12/03/21 11:00:00,A,THS_HA,FOR,DK,2018,626.56,
ESTAT:FOR_AREA(1.0),12/03/21 11:00:00,A,THS_HA,FOR,DK,2019,627.50,
ESTAT:FOR_AREA(1.0),12/03/21 11:00:00,A,THS_HA,FOR,DK,2020,628.44,
ESTAT:FOR_AREA(1.0),12/03/21 11:00:00,A,THS_HA,FOR,EE,1990,2205.90,
ESTAT:FOR_AREA(1.0),12/03/21 11:00:00,A,THS_HA,FOR,EE,2000,2238.89,
ESTAT:FOR_AREA(1.0),12/03/21 11:00:00,A,THS_HA,FOR,EE,2010,2336.02,
ESTAT:FOR_AREA(1.0),12/03/21 11:00:00,A,THS_HA,FOR,EE,2015,2421.01,
ESTAT:FOR_AREA(1.0),12/03/21 11:00:00,A,THS_HA,FOR,EE,2016,2421.25,
ESTAT:FOR_AREA(1.0),12/03/21 11:00:00,A,THS_HA,FOR,EE,2017,2438.40,
ESTAT:FOR_AREA(1.0),12/03/21 11:00:00,A,THS_HA,FOR,EE,2018,2438.40,
ESTAT:FOR_AREA(1.0),12/03/21 11:00:00,A,THS_HA,FOR,EE,2019,2438.40,
ESTAT:FOR_AREA(1.0),12/03/21 11:00:00,A,THS_HA,FOR,EE,2020,2438.40,
ESTAT:FOR_AREA(1.0),12/03/21 11:00:00,A,THS_HA,FOR,EL,1990,3298.55,
ESTAT:FOR_AREA(1.0),12/03/21 11:00:00,A,THS_HA,FOR,EL,2000,3600.23,
ESTAT:FOR_AREA(1.0),12/03/21 11:00:00,A,THS_HA,FOR,EL,2010,3901.80,
ESTAT:FOR_AREA(1.0),12/03/21 11:00:00,A,THS_HA,FOR,EL,2015,3901.80,
ESTAT:FOR_AREA(1.0),12/03/21 11:00:00,A,THS_HA,FOR,EL,2016,3901.80,
ESTAT:FOR_AREA(1.0),12/03/21 11:00:00,A,THS_HA,FOR,EL,2017,3901.80,
ESTAT:FOR_AREA(1.0),12/03/21 11:00:00,A,THS_HA,FOR,EL,2018,3901.80,
ESTAT:FOR_AREA(1.0),12/03/21 11:00:00,A,THS_HA,FOR,EL,2019,3901.80,
ESTAT:FOR_AREA(1.0),12/03/21 11:00:00,A,THS_HA,FOR,EL,2020,3901.80,
ESTAT:FOR_AREA(1.0),12/03/21 11:00:00,A,THS_HA,FOR,ES,1990,13904.66,
ESTAT:FOR_AREA(1.0),12/03/21 11:00:00,A,THS_HA,FOR,ES,2000,17093.93,
ESTAT:FOR_AREA(1.0),12/03/21 11:00:00,A,THS_HA,FOR,ES,2010,18545.34,
ESTAT:FOR_AREA(1.0),12/03/21 11:00:00,A,THS_HA,FOR,ES,2015,18551.18,
ESTAT:FOR_AREA(1.0),12/03/21 11:00:00,A,THS_HA,FOR,ES,2016,18555.24,
ESTAT:FOR_AREA(1.0),12/03/21 11:00:00,A,THS_HA,FOR,ES,2017,18559.30,
ESTAT:FOR_AREA(1.0),12/03/21 11:00:00,A,THS_HA,FOR,ES,2018,18563.59,
ESTAT:FOR_AREA(1.0),12/03/21 11:00:00,A,THS_HA,FOR,ES,2019,18567.88,
ESTAT:FOR_AREA(1.0),12/03/21 11:00:00,A,THS_HA,FOR,ES,2020,18572.17,
ESTAT:FOR_AREA(1.0),12/03/21 11:00:00,A,THS_HA,FOR,FI,1990,21875.33,
ESTAT:FOR_AREA(1.0),12/03/21 11:00:00,A,THS_HA,FOR,FI,2000,22445.64,
ESTAT:FOR_AREA(1.0),12/03/21 11:00:00,A,THS_HA,FOR,FI,2010,22242.00,
ESTAT:FOR_AREA(1.0),12/03/21 11:00:00,A,THS_HA,FOR,FI,2015,22409.00,
ESTAT:FOR_AREA(1.0),12/03/21 11:00:00,A,THS_HA,FOR,FI,2016,22409.00,
ESTAT:FOR_AREA(1.0),12/03/21 11:00:00,A,THS_HA,FOR,FI,2017,22409.00,
ESTAT:FOR_AREA(1.0),12/03/21 11:00:00,A,THS_HA,FOR,FI,2018,22409.00,
ESTAT:FOR_AREA(1.0),12/03/21 11:00:00,A,THS_HA,FOR,FI,2019,22409.00,
ESTAT:FOR_AREA(1.0),12/03/21 11:00:00,A,THS_HA,FOR,FI,2020,22409.00,
ESTAT:FOR_AREA(1.0),12/03/21 11:00:00,A,THS_HA,FOR,FR,1990,14436.00,
ESTAT:FOR_AREA(1.0),12/03/21 11:00:00,A,THS_HA,FOR,FR,2000,15288.00,
ESTAT:FOR_AREA(1.0),12/03/21 11:00:00,A,THS_HA,FOR,FR,2010,16419.00,
ESTAT:FOR_AREA(1.0),12/03/21 11:00:00,A,THS_HA,FOR,FR,2015,16836.00,
ESTAT:FOR_AREA(1.0),12/03/21 11:00:00,A,THS_HA,FOR,FR,2016,16919.40,
ESTAT:FOR_AREA(1.0),12/03/21 11:00:00,A,THS_HA,FOR,FR,2017,17002.80,
ESTAT:FOR_AREA(1.0),12/03/21 11:00:00,A,THS_HA,FOR,FR,2018,17086.20,
ESTAT:FOR_AREA(1.0),12/03/21 11:00:00,A,THS_HA,FOR,FR,2019,17169.60,
ESTAT:FOR_AREA(1.0),12/03/21 11:00:00,A,THS_HA,FOR,FR,2020,17253.00,
ESTAT:FOR_AREA(1.0),12/03/21 11:00:00,A,THS_HA,FOR,HR,1990,1850.00,
ESTAT:FOR_AREA(1.0),12/03/21 11:00:00,A,THS_HA,FOR,HR,2000,1885.00,
ESTAT:FOR_AREA(1.0),12/03/21 11:00:00,A,THS_HA,FOR,HR,2010,1920.00,
ESTAT:FOR_AREA(1.0),12/03/21 11:00:00,A,THS_HA,FOR,HR,2015,1922.00,
ESTAT:FOR_AREA(1.0),12/03/21 11:00:00,A,THS_HA,FOR,HR,2016,1924.12,
ESTAT:FOR_AREA(1.0),12/03/21 11:00:00,A,THS_HA,FOR,HR,2017,1931.61,
ESTAT:FOR_AREA(1.0),12/03/21 11:00:00,A,THS_HA,FOR,HR,2018,1934.11,
ESTAT:FOR_AREA(1.0),12/03/21 11:00:00,A,THS_HA,FOR,HR,2019,1936.61,
ESTAT:FOR_AREA(1.0),12/03/21 11:00:00,A,THS_HA,FOR,HR,2020,1939.11,
ESTAT:FOR_AREA(1.0),12/03/21 11:00:00,A,THS_HA,FOR,HU,1990,1813.90,
ESTAT:FOR_AREA(1.0),12/03/21 11:00:00,A,THS_HA,FOR,HU,2000,1921.17,
ESTAT:FOR_AREA(1.0),12/03/21 11:00:00,A,THS_HA,FOR,HU,2010,2046.39,
ESTAT:FOR_AREA(1.0),12/03/21 11:00:00,A,THS_HA,FOR,HU,2015,2060.82,
ESTAT:FOR_AREA(1.0),12/03/21 11:00:00,A,THS_HA,FOR,HU,2016,2058.73,
ESTAT:FOR_AREA(1.0),12/03/21 11:00:00,A,THS_HA,FOR,HU,2017,2057.27,
ESTAT:FOR_AREA(1.0),12/03/21 11:00:00,A,THS_HA,FOR,HU,2018,2055.92,
ESTAT:FOR_AREA(1.0),12/03/21 11:00:00,A,THS_HA,FOR,HU,2019,2054.47,
ESTAT:FOR_AREA(1.0),12/03/21 11:00:00,A,THS_HA,FOR,HU,2020,2053.01,
ESTAT:FOR_AREA(1.0),12/03/21 11:00:00,A,THS_HA,FOR,IE,1990,461.64,
ESTAT:FOR_AREA(1.0),12/03/21 11:00:00,A,THS_HA,FOR,IE,2000,630.36,
ESTAT:FOR_AREA(1.0),12/03/21 11:00:00,A,THS_HA,FOR,IE,2010,720.38,
ESTAT:FOR_AREA(1.0),12/03/21 11:00:00,A,THS_HA,FOR,IE,2015,754.67,
ESTAT:FOR_AREA(1.0),12/03/21 11:00:00,A,THS_HA,FOR,IE,2016,762.35,
ESTAT:FOR_AREA(1.0),12/03/21 11:00:00,A,THS_HA,FOR,IE,2017,770.02,
ESTAT:FOR_AREA(1.0),12/03/21 11:00:00,A,THS_HA,FOR,IE,2018,774.02,
ESTAT:FOR_AREA(1.0),12/03/21 11:00:00,A,THS_HA,FOR,IE,2019,778.02,
ESTAT:FOR_AREA(1.0),12/03/21 11:00:00,A,THS_HA,FOR,IE,2020,782.02,
ESTAT:FOR_AREA(1.0),12/03/21 11:00:00,A,THS_HA,FOR,IT,1990,7589.75,
ESTAT:FOR_AREA(1.0),12/03/21 11:00:00,A,THS_HA,FOR,IT,2000,8369.25,
ESTAT:FOR_AREA(1.0),12/03/21 11:00:00,A,THS_HA,FOR,IT,2010,9028.04,
ESTAT:FOR_AREA(1.0),12/03/21 11:00:00,A,THS_HA,FOR,IT,2015,9297.08,
ESTAT:FOR_AREA(1.0),12/03/21 11:00:00,A,THS_HA,FOR,IT,2016,9350.89,
ESTAT:FOR_AREA(1.0),12/03/21 11:00:00,A,THS_HA,FOR,IT,2017,9404.70,
ESTAT:FOR_AREA(1.0),12/03/21 11:00:00,A,THS_HA,FOR,IT,2018,9458.51,
ESTAT:FOR_AREA(1.0),12/03/21 11:00:00,A,THS_HA,FOR,IT,2019,9512.32,
ESTAT:FOR_AREA(1.0),12/03/21 11:00:00,A,THS_HA,FOR,IT,2020,9566.13,
ESTAT:FOR_AREA(1.0),12/03/21 11:00:00,A,THS_HA,FOR,LI,1990,6.50,
ESTAT:FOR_AREA(1.0),12/03/21 11:00:00,A,THS_HA,FOR,LI,2000,6.70,
ESTAT:FOR_AREA(1.0),12/03/21 11:00:00,A,THS_HA,FOR,LI,2010,6.70,
ESTAT:FOR_AREA(1.0),12/03/21 11:00:00,A,THS_HA,FOR,LI,2015,6.70,
ESTAT:FOR_AREA(1.0),12/03/21 11:00:00,A,THS_HA,FOR,LI,2016,6.70,
ESTAT:FOR_AREA(1.0),12/03/21 11:00:00,A,THS_HA,FOR,LI,2017,6.70,
ESTAT:FOR_AREA(1.0),12/03/21 11:00:00,A,THS_HA,FOR,LI,2018,6.70,
ESTAT:FOR_AREA(1.0),12/03/21 11:00:00,A,THS_HA,FOR,LI,2019,6.70,
ESTAT:FOR_AREA(1.0),12/03/21 11:00:00,A,THS_HA,FOR,LI,2020,6.70,
ESTAT:FOR_AREA(1.0),12/03/21 11:00:00,A,THS_HA,FOR,LT,1990,1945.00,
ESTAT:FOR_AREA(1.0),12/03/21 11:00:00,A,THS_HA,FOR,LT,2000,2020.00,
ESTAT:FOR_AREA(1.0),12/03/21 11:00:00,A,THS_HA,FOR,LT,2010,2170.00,
ESTAT:FOR_AREA(1.0),12/03/21 11:00:00,A,THS_HA,FOR,LT,2015,2187.00,
ESTAT:FOR_AREA(1.0),12/03/21 11:00:00,A,THS_HA,FOR,LT,2016,2190.00,
ESTAT:FOR_AREA(1.0),12/03/21 11:00:00,A,THS_HA,FOR,LT,2017,2196.00,
ESTAT:FOR_AREA(1.0),12/03/21 11:00:00,A,THS_HA,FOR,LT,2018,2198.00,
ESTAT:FOR_AREA(1.0),12/03/21 11:00:00,A,THS_HA,FOR,LT,2019,2200.00,
ESTAT:FOR_AREA(1.0),12/03/21 11:00:00,A,THS_HA,FOR,LT,2020,2201.00,
ESTAT:FOR_AREA(1.0),12/03/21 11:00:00,A,THS_HA,FOR,LU,1990,85.80,
ESTAT:FOR_AREA(1.0),12/03/21 11:00:00,A,THS_HA,FOR,LU,2000,86.70,
ESTAT:FOR_AREA(1.0),12/03/21 11:00:00,A,THS_HA,FOR,LU,2010,88.70,
ESTAT:FOR_AREA(1.0),12/03/21 11:00:00,A,THS_HA,FOR,LU,2015,88.70,
ESTAT:FOR_AREA(1.0),12/03/21 11:00:00,A,THS_HA,FOR,LU,2016,88.70,
ESTAT:FOR_AREA(1.0),12/03/21 11:00:00,A,THS_HA,FOR,LU,2017,88.70,
ESTAT:FOR_AREA(1.0),12/03/21 11:00:00,A,THS_HA,FOR,LU,2018,88.70,
ESTAT:FOR_AREA(1.0),12/03/21 11:00:00,A,THS_HA,FOR,LU,2019,88.70,
ESTAT:FOR_AREA(1.0),12/03/21 11:00:00,A,THS_HA,FOR,LU,2020,88.70,
ESTAT:FOR_AREA(1.0),12/03/21 11:00:00,A,THS_HA,FOR,LV,1990,3173.00,
ESTAT:FOR_AREA(1.0),12/03/21 11:00:00,A,THS_HA,FOR,LV,2000,3241.00,
ESTAT:FOR_AREA(1.0),12/03/21 11:00:00,A,THS_HA,FOR,LV,2010,3372.12,
ESTAT:FOR_AREA(1.0),12/03/21 11:00:00,A,THS_HA,FOR,LV,2015,3391.44,
ESTAT:FOR_AREA(1.0),12/03/21 11:00:00,A,THS_HA,FOR,LV,2016,3395.31,
ESTAT:FOR_AREA(1.0),12/03/21 11:00:00,A,THS_HA,FOR,LV,2017,3399.18,
ESTAT:FOR_AREA(1.0),12/03/21 11:00:00,A,THS_HA,FOR,LV,2018,3403.05,
ESTAT:FOR_AREA(1.0),12/03/21 11:00:00,A,THS_HA,FOR,LV,2019,3406.92,
ESTAT:FOR_AREA(1.0),12/03/21 11:00:00,A,THS_HA,FOR,LV,2020,3410.79,
ESTAT:FOR_AREA(1.0),12/03/21 11:00:00,A,THS_HA,FOR,MT,1990,0.35,
ESTAT:FOR_AREA(1.0),12/03/21 11:00:00,A,THS_HA,FOR,MT,2000,0.35,
ESTAT:FOR_AREA(1.0),12/03/21 11:00:00,A,THS_HA,FOR,MT,2010,0.35,
ESTAT:FOR_AREA(1.0),12/03/21 11:00:00,A,THS_HA,FOR,MT,2015,0.35,
ESTAT:FOR_AREA(1.0),12/03/21 11:00:00,A,THS_HA,FOR,MT,2016,0.38,
ESTAT:FOR_AREA(1.0),12/03/21 11:00:00,A,THS_HA,FOR,MT,2017,0.42,
ESTAT:FOR_AREA(1.0),12/03/21 11:00:00,A,THS_HA,FOR,MT,2018,0.46,
ESTAT:FOR_AREA(1.0),12/03/21 11:00:00,A,THS_HA,FOR,MT,2019,0.46,
ESTAT:FOR_AREA(1.0),12/03/21 11:00:00,A,THS_HA,FOR,MT,2020,0.46,
ESTAT:FOR_AREA(1.0),12/03/21 11:00:00,A,THS_HA,FOR,NL,1990,345.33,
ESTAT:FOR_AREA(1.0),12/03/21 11:00:00,A,THS_HA,FOR,NL,2000,359.50,
ESTAT:FOR_AREA(1.0),12/03/21 11:00:00,A,THS_HA,FOR,NL,2010,373.48,
ESTAT:FOR_AREA(1.0),12/03/21 11:00:00,A,THS_HA,FOR,NL,2015,364.83,
ESTAT:FOR_AREA(1.0),12/03/21 11:00:00,A,THS_HA,FOR,NL,2016,365.76,
ESTAT:FOR_AREA(1.0),12/03/21 11:00:00,A,THS_HA,FOR,NL,2017,366.70,
ESTAT:FOR_AREA(1.0),12/03/21 11:00:00,A,THS_HA,FOR,NL,2018,367.63,
ESTAT:FOR_AREA(1.0),12/03/21 11:00:00,A,THS_HA,FOR,NL,2019,368.57,
ESTAT:FOR_AREA(1.0),12/03/21 11:00:00,A,THS_HA,FOR,NL,2020,369.50,
ESTAT:FOR_AREA(1.0),12/03/21 11:00:00,A,THS_HA,FOR,NO,1990,12132.00,
ESTAT:FOR_AREA(1.0),12/03/21 11:00:00,A,THS_HA,FOR,NO,2000,12113.00,
ESTAT:FOR_AREA(1.0),12/03/21 11:00:00,A,THS_HA,FOR,NO,2010,12102.00,
ESTAT:FOR_AREA(1.0),12/03/21 11:00:00,A,THS_HA,FOR,NO,2015,12141.00,
ESTAT:FOR_AREA(1.0),12/03/21 11:00:00,A,THS_HA,FOR,NO,2016,12148.80,
ESTAT:FOR_AREA(1.0),12/03/21 11:00:00,A,THS_HA,FOR,NO,2017,12156.60,
ESTAT:FOR_AREA(1.0),12/03/21 11:00:00,A,THS_HA,FOR,NO,2018,12164.40,
ESTAT:FOR_AREA(1.0),12/03/21 11:00:00,A,THS_HA,FOR,NO,2019,12172.20,
ESTAT:FOR_AREA(1.0),12/03/21 11:00:00,A,THS_HA,FOR,NO,2020,12180.00,
ESTAT:FOR_AREA(1.0),12/03/21 11:00:00,A,THS_HA,FOR,PL,1990,8882.00,
ESTAT:FOR_AREA(1.0),12/03/21 11:00:00,A,THS_HA,FOR,PL,2000,9059.00,
ESTAT:FOR_AREA(1.0),12/03/21 11:00:00,A,THS_HA,FOR,PL,2010,9329.00,
ESTAT:FOR_AREA(1.0),12/03/21 11:00:00,A,THS_HA,FOR,PL,2015,9420.00,
ESTAT:FOR_AREA(1.0),12/03/21 11:00:00,A,THS_HA,FOR,PL,2016,9435.00,
ESTAT:FOR_AREA(1.0),12/03/21 11:00:00,A,THS_HA,FOR,PL,2017,9447.00,
ESTAT:FOR_AREA(1.0),12/03/21 11:00:00,A,THS_HA,FOR,PL,2018,9459.00,
ESTAT:FOR_AREA(1.0),12/03/21 11:00:00,A,THS_HA,FOR,PL,2019,9471.00,
ESTAT:FOR_AREA(1.0),12/03/21 11:00:00,A,THS_HA,FOR,PL,2020,9483.00,
ESTAT:FOR_AREA(1.0),12/03/21 11:00:00,A,THS_HA,FOR,PT,1990,3399.00,
ESTAT:FOR_AREA(1.0),12/03/21 11:00:00,A,THS_HA,FOR,PT,2000,3281.00,
ESTAT:FOR_AREA(1.0),12/03/21 11:00:00,A,THS_HA,FOR,PT,2010,3252.00,
ESTAT:FOR_AREA(1.0),12/03/21 11:00:00,A,THS_HA,FOR,PT,2015,3312.00,
ESTAT:FOR_AREA(1.0),12/03/21 11:00:00,A,THS_HA,FOR,PT,2016,3312.00,
ESTAT:FOR_AREA(1.0),12/03/21 11:00:00,A,THS_HA,FOR,PT,2017,3312.00,
ESTAT:FOR_AREA(1.0),12/03/21 11:00:00,A,THS_HA,FOR,PT,2018,3312.00,
ESTAT:FOR_AREA(1.0),12/03/21 11:00:00,A,THS_HA,FOR,PT,2019,3312.00,
ESTAT:FOR_AREA(1.0),12/03/21 11:00:00,A,THS_HA,FOR,PT,2020,3312.00,
ESTAT:FOR_AREA(1.0),12/03/21 11:00:00,A,THS_HA,FOR,RO,1990,6371.00,
ESTAT:FOR_AREA(1.0),12/03/21 11:00:00,A,THS_HA,FOR,RO,2000,6366.00,
ESTAT:FOR_AREA(1.0),12/03/21 11:00:00,A,THS_HA,FOR,RO,2010,6515.00,
ESTAT:FOR_AREA(1.0),12/03/21 11:00:00,A,THS_HA,FOR,RO,2015,6900.96,
ESTAT:FOR_AREA(1.0),12/03/21 11:00:00,A,THS_HA,FOR,RO,2016,6929.05,
ESTAT:FOR_AREA(1.0),12/03/21 11:00:00,A,THS_HA,FOR,RO,2017,6929.05,
ESTAT:FOR_AREA(1.0),12/03/21 11:00:00,A,THS_HA,FOR,RO,2018,6929.05,
ESTAT:FOR_AREA(1.0),12/03/21 11:00:00,A,THS_HA,FOR,RO,2019,6929.05,
ESTAT:FOR_AREA(1.0),12/03/21 11:00:00,A,THS_HA,FOR,RO,2020,6929.05,
ESTAT:FOR_AREA(1.0),12/03/21 11:00:00,A,THS_HA,FOR,SE,1990,28063.00,
ESTAT:FOR_AREA(1.0),12/03/21 11:00:00,A,THS_HA,FOR,SE,2000,28163.00,
ESTAT:FOR_AREA(1.0),12/03/21 11:00:00,A,THS_HA,FOR,SE,2010,28073.00,
ESTAT:FOR_AREA(1.0),12/03/21 11:00:00,A,THS_HA,FOR,SE,2015,27980.00,
ESTAT:FOR_AREA(1.0),12/03/21 11:00:00,A,THS_HA,FOR,SE,2016,27980.00,
ESTAT:FOR_AREA(1.0),12/03/21 11:00:00,A,THS_HA,FOR,SE,2017,27980.00,
ESTAT:FOR_AREA(1.0),12/03/21 11:00:00,A,THS_HA,FOR,SE,2018,27980.00,
ESTAT:FOR_AREA(1.0),12/03/21 11:00:00,A,THS_HA,FOR,SE,2019,27980.00,
ESTAT:FOR_AREA(1.0),12/03/21 11:00:00,A,THS_HA,FOR,SE,2020,27980.00,
ESTAT:FOR_AREA(1.0),12/03/21 11:00:00,A,THS_HA,FOR,SI,1990,1188.00,
ESTAT:FOR_AREA(1.0),12/03/21 11:00:00,A,THS_HA,FOR,SI,2000,1233.00,
ESTAT:FOR_AREA(1.0),12/03/21 11:00:00,A,THS_HA,FOR,SI,2010,1247.00,
ESTAT:FOR_AREA(1.0),12/03/21 11:00:00,A,THS_HA,FOR,SI,2015,1248.00,
ESTAT:FOR_AREA(1.0),12/03/21 11:00:00,A,THS_HA,FOR,SI,2016,1245.97,
ESTAT:FOR_AREA(1.0),12/03/21 11:00:00,A,THS_HA,FOR,SI,2017,1243.93,
ESTAT:FOR_AREA(1.0),12/03/21 11:00:00,A,THS_HA,FOR,SI,2018,1241.90,
ESTAT:FOR_AREA(1.0),12/03/21 11:00:00,A,THS_HA,FOR,SI,2019,1239.86,
ESTAT:FOR_AREA(1.0),12/03/21 11:00:00,A,THS_HA,FOR,SI,2020,1237.83,
ESTAT:FOR_AREA(1.0),12/03/21 11:00:00,A,THS_HA,FOR,SK,1990,1902.48,
ESTAT:FOR_AREA(1.0),12/03/21 11:00:00,A,THS_HA,FOR,SK,2000,1901.41,
ESTAT:FOR_AREA(1.0),12/03/21 11:00:00,A,THS_HA,FOR,SK,2010,1917.91,
ESTAT:FOR_AREA(1.0),12/03/21 11:00:00,A,THS_HA,FOR,SK,2015,1921.75,
ESTAT:FOR_AREA(1.0),12/03/21 11:00:00,A,THS_HA,FOR,SK,2016,1923.37,
ESTAT:FOR_AREA(1.0),12/03/21 11:00:00,A,THS_HA,FOR,SK,2017,1925.90,
ESTAT:FOR_AREA(1.0),12/03/21 11:00:00,A,THS_HA,FOR,SK,2018,1925.90,
ESTAT:FOR_AREA(1.0),12/03/21 11:00:00,A,THS_HA,FOR,SK,2019,1925.90,
ESTAT:FOR_AREA(1.0),12/03/21 11:00:00,A,THS_HA,FOR,SK,2020,1925.90,
ESTAT:FOR_AREA(1.0),12/03/21 11:00:00,A,THS_HA,FOR,UK,1990,2778.00,
ESTAT:FOR_AREA(1.0),12/03/21 11:00:00,A,THS_HA,FOR,UK,2000,2954.00,
ESTAT:FOR_AREA(1.0),12/03/21 11:00:00,A,THS_HA,FOR,UK,2010,3059.00,
ESTAT:FOR_AREA(1.0),12/03/21 11:00:00,A,THS_HA,FOR,UK,2015,3155.00,
ESTAT:FOR_AREA(1.0),12/03/21 11:00:00,A,THS_HA,FOR,UK,2016,3159.00,
ESTAT:FOR_AREA(1.0),12/03/21 11:00:00,A,THS_HA,FOR,UK,2017,3164.00,
ESTAT:FOR_AREA(1.0),12/03/21 11:00:00,A,THS_HA,FOR,UK,2018,3173.00,
ESTAT:FOR_AREA(1.0),12/03/21 11:00:00,A,THS_HA,FOR,UK,2019,3182.00,
ESTAT:FOR_AREA(1.0),12/03/21 11:00:00,A,THS_HA,FOR,UK,2020,3190.00,
ESTAT:FOR_AREA(1.0),12/03/21 11:00:00,A,THS_HA,OWL,AT,1990,117.67,
ESTAT:FOR_AREA(1.0),12/03/21 11:00:00,A,THS_HA,OWL,AT,2000,116.71,
ESTAT:FOR_AREA(1.0),12/03/21 11:00:00,A,THS_HA,OWL,AT,2010,134.21,
ESTAT:FOR_AREA(1.0),12/03/21 11:00:00,A,THS_HA,OWL,AT,2015,132.23,
ESTAT:FOR_AREA(1.0),12/03/21 11:00:00,A,THS_HA,OWL,AT,2016,131.84,
ESTAT:FOR_AREA(1.0),12/03/21 11:00:00,A,THS_HA,OWL,AT,2017,131.44,
ESTAT:FOR_AREA(1.0),12/03/21 11:00:00,A,THS_HA,OWL,AT,2018,131.04,
ESTAT:FOR_AREA(1.0),12/03/21 11:00:00,A,THS_HA,OWL,AT,2019,130.64,
ESTAT:FOR_AREA(1.0),12/03/21 11:00:00,A,THS_HA,OWL,AT,2020,130.24,
ESTAT:FOR_AREA(1.0),12/03/21 11:00:00,A,THS_HA,OWL,BA,1990,500.00,
ESTAT:FOR_AREA(1.0),12/03/21 11:00:00,A,THS_HA,OWL,BA,2000,685.99,
ESTAT:FOR_AREA(1.0),12/03/21 11:00:00,A,THS_HA,OWL,BA,2010,675.60,
ESTAT:FOR_AREA(1.0),12/03/21 11:00:00,A,THS_HA,OWL,BA,2015,636.64,
ESTAT:FOR_AREA(1.0),12/03/21 11:00:00,A,THS_HA,OWL,BA,2016,637.13,
ESTAT:FOR_AREA(1.0),12/03/21 11:00:00,A,THS_HA,OWL,BA,2017,625.37,
ESTAT:FOR_AREA(1.0),12/03/21 11:00:00,A,THS_HA,OWL,BA,2018,625.37,
ESTAT:FOR_AREA(1.0),12/03/21 11:00:00,A,THS_HA,OWL,BA,2019,625.37,
ESTAT:FOR_AREA(1.0),12/03/21 11:00:00,A,THS_HA,OWL,BA,2020,625.37,
ESTAT:FOR_AREA(1.0),12/03/21 11:00:00,A,THS_HA,OWL,BE,1990,20.70,
ESTAT:FOR_AREA(1.0),12/03/21 11:00:00,A,THS_HA,OWL,BE,2000,27.10,
ESTAT:FOR_AREA(1.0),12/03/21 11:00:00,A,THS_HA,OWL,BE,2010,32.80,
ESTAT:FOR_AREA(1.0),12/03/21 11:00:00,A,THS_HA,OWL,BE,2015,32.90,
ESTAT:FOR_AREA(1.0),12/03/21 11:00:00,A,THS_HA,OWL,BE,2016,32.90,
ESTAT:FOR_AREA(1.0),12/03/21 11:00:00,A,THS_HA,OWL,BE,2017,32.90,
ESTAT:FOR_AREA(1.0),12/03/21 11:00:00,A,THS_HA,OWL,BE,2018,32.90,
ESTAT:FOR_AREA(1.0),12/03/21 11:00:00,A,THS_HA,OWL,BE,2019,32.90,
ESTAT:FOR_AREA(1.0),12/03/21 11:00:00,A,THS_HA,OWL,BE,2020,32.90,
ESTAT:FOR_AREA(1.0),12/03/21 11:00:00,A,THS_HA,OWL,BG,1990,130.00,
ESTAT:FOR_AREA(1.0),12/03/21 11:00:00,A,THS_HA,OWL,BG,2000,104.00,
ESTAT:FOR_AREA(1.0),12/03/21 11:00:00,A,THS_HA,OWL,BG,2010,24.00,
ESTAT:FOR_AREA(1.0),12/03/21 11:00:00,A,THS_HA,OWL,BG,2015,24.00,
ESTAT:FOR_AREA(1.0),12/03/21 11:00:00,A,THS_HA,OWL,BG,2016,24.00,
ESTAT:FOR_AREA(1.0),12/03/21 11:00:00,A,THS_HA,OWL,BG,2017,24.00,
ESTAT:FOR_AREA(1.0),12/03/21 11:00:00,A,THS_HA,OWL,BG,2018,24.00,
ESTAT:FOR_AREA(1.0),12/03/21 11:00:00,A,THS_HA,OWL,BG,2019,24.00,
ESTAT:FOR_AREA(1.0),12/03/21 11:00:00,A,THS_HA,OWL,BG,2020,24.00,
ESTAT:FOR_AREA(1.0),12/03/21 11:00:00,A,THS_HA,OWL,CH,1990,61.52,
ESTAT:FOR_AREA(1.0),12/03/21 11:00:00,A,THS_HA,OWL,CH,2000,66.16,
ESTAT:FOR_AREA(1.0),12/03/21 11:00:00,A,THS_HA,OWL,CH,2010,70.63,
ESTAT:FOR_AREA(1.0),12/03/21 11:00:00,A,THS_HA,OWL,CH,2015,72.77,
ESTAT:FOR_AREA(1.0),12/03/21 11:00:00,A,THS_HA,OWL,CH,2016,73.20,
ESTAT:FOR_AREA(1.0),12/03/21 11:00:00,A,THS_HA,OWL,CH,2017,73.63,
ESTAT:FOR_AREA(1.0),12/03/21 11:00:00,A,THS_HA,OWL,CH,2018,74.06,
ESTAT:FOR_AREA(1.0),12/03/21 11:00:00,A,THS_HA,OWL,CH,2019,74.49,
ESTAT:FOR_AREA(1.0),12/03/21 11:00:00,A,THS_HA,OWL,CH,2020,74.92,
ESTAT:FOR_AREA(1.0),12/03/21 11:00:00,A,THS_HA,OWL,CZ,1990,0.00,
ESTAT:FOR_AREA(1.0),12/03/21 11:00:00,A,THS_HA,OWL,CZ,2000,0.00,
ESTAT:FOR_AREA(1.0),12/03/21 11:00:00,A,THS_HA,OWL,CZ,2010,0.00,
ESTAT:FOR_AREA(1.0),12/03/21 11:00:00,A,THS_HA,OWL,CZ,2015,0.00,
ESTAT:FOR_AREA(1.0),12/03/21 11:00:00,A,THS_HA,OWL,CZ,2016,0.00,
ESTAT:FOR_AREA(1.0),12/03/21 11:00:00,A,THS_HA,OWL,CZ,2017,0.00,
ESTAT:FOR_AREA(1.0),12/03/21 11:00:00,A,THS_HA,OWL,CZ,2018,0.00,
ESTAT:FOR_AREA(1.0),12/03/21 11:00:00,A,THS_HA,OWL,CZ,2019,0.00,
ESTAT:FOR_AREA(1.0),12/03/21 11:00:00,A,THS_HA,OWL,CZ,2020,0.00,
ESTAT:FOR_AREA(1.0),12/03/21 11:00:00,A,THS_HA,OWL,DE,1990,0.00,
ESTAT:FOR_AREA(1.0),12/03/21 11:00:00,A,THS_HA,OWL,DE,2000,0.00,
ESTAT:FOR_AREA(1.0),12/03/21 11:00:00,A,THS_HA,OWL,DE,2010,0.00,
ESTAT:FOR_AREA(1.0),12/03/21 11:00:00,A,THS_HA,OWL,DE,2015,0.00,
ESTAT:FOR_AREA(1.0),12/03/21 11:00:00,A,THS_HA,OWL,DE,2016,0.00,
ESTAT:FOR_AREA(1.0),12/03/21 11:00:00,A,THS_HA,OWL,DE,2017,0.00,
ESTAT:FOR_AREA(1.0),12/03/21 11:00:00,A,THS_HA,OWL,DE,2018,0.00,
ESTAT:FOR_AREA(1.0),12/03/21 11:00:00,A,THS_HA,OWL,DE,2019,0.00,
ESTAT:FOR_AREA(1.0),12/03/21 11:00:00,A,THS_HA,OWL,DE,2020,0.00,
ESTAT:FOR_AREA(1.0),12/03/21 11:00:00,A,THS_HA,OWL,DK,1990,136.00,
ESTAT:FOR_AREA(1.0),12/03/21 11:00:00,A,THS_HA,OWL,DK,2000,136.00,
ESTAT:FOR_AREA(1.0),12/03/21 11:00:00,A,THS_HA,OWL,DK,2010,46.90,
ESTAT:FOR_AREA(1.0),12/03/21 11:00:00,A,THS_HA,OWL,DK,2015,44.08,
ESTAT:FOR_AREA(1.0),12/03/21 11:00:00,A,THS_HA,OWL,DK,2016,44.39,
ESTAT:FOR_AREA(1.0),12/03/21 11:00:00,A,THS_HA,OWL,DK,2017,42.53,
ESTAT:FOR_AREA(1.0),12/03/21 11:00:00,A,THS_HA,OWL,DK,2018,40.67,
ESTAT:FOR_AREA(1.0),12/03/21 11:00:00,A,THS_HA,OWL,DK,2019,38.81,
ESTAT:FOR_AREA(1.0),12/03/21 11:00:00,A,THS_HA,OWL,DK,2020,36.95,
ESTAT:FOR_AREA(1.0),12/03/21 11:00:00,A,THS_HA,OWL,EE,1990,196.23,
ESTAT:FOR_AREA(1.0),12/03/21 11:00:00,A,THS_HA,OWL,EE,2000,153.71,
ESTAT:FOR_AREA(1.0),12/03/21 11:00:00,A,THS_HA,OWL,EE,2010,108.04,
ESTAT:FOR_AREA(1.0),12/03/21 11:00:00,A,THS_HA,OWL,EE,2015,99.90,
ESTAT:FOR_AREA(1.0),12/03/21 11:00:00,A,THS_HA,OWL,EE,2016,95.94,
ESTAT:FOR_AREA(1.0),12/03/21 11:00:00,A,THS_HA,OWL,EE,2017,94.44,
ESTAT:FOR_AREA(1.0),12/03/21 11:00:00,A,THS_HA,OWL,EE,2018,94.44,
ESTAT:FOR_AREA(1.0),12/03/21 11:00:00,A,THS_HA,OWL,EE,2019,94.44,
ESTAT:FOR_AREA(1.0),12/03/21 11:00:00,A,THS_HA,OWL,EE,2020,94.44,
ESTAT:FOR_AREA(1.0),12/03/21 11:00:00,A,THS_HA,OWL,EL,1990,3210.90,
ESTAT:FOR_AREA(1.0),12/03/21 11:00:00,A,THS_HA,OWL,EL,2000,2922.88,
ESTAT:FOR_AREA(1.0),12/03/21 11:00:00,A,THS_HA,OWL,EL,2010,2634.72,
ESTAT:FOR_AREA(1.0),12/03/21 11:00:00,A,THS_HA,OWL,EL,2015,2634.72,
ESTAT:FOR_AREA(1.0),12/03/21 11:00:00,A,THS_HA,OWL,EL,2016,2634.72,
ESTAT:FOR_AREA(1.0),12/03/21 11:00:00,A,THS_HA,OWL,EL,2017,2634.72,
ESTAT:FOR_AREA(1.0),12/03/21 11:00:00,A,THS_HA,OWL,EL,2018,2634.72,
ESTAT:FOR_AREA(1.0),12/03/21 11:00:00,A,THS_HA,OWL,EL,2019,2634.72,
ESTAT:FOR_AREA(1.0),12/03/21 11:00:00,A,THS_HA,OWL,EL,2020,2634.72,
ESTAT:FOR_AREA(1.0),12/03/21 11:00:00,A,THS_HA,OWL,ES,1990,12079.40,
ESTAT:FOR_AREA(1.0),12/03/21 11:00:00,A,THS_HA,OWL,ES,2000,10431.42,
ESTAT:FOR_AREA(1.0),12/03/21 11:00:00,A,THS_HA,OWL,ES,2010,9250.07,
ESTAT:FOR_AREA(1.0),12/03/21 11:00:00,A,THS_HA,OWL,ES,2015,9403.94,
ESTAT:FOR_AREA(1.0),12/03/21 11:00:00,A,THS_HA,OWL,ES,2016,9398.59,
ESTAT:FOR_AREA(1.0),12/03/21 11:00:00,A,THS_HA,OWL,ES,2017,9394.70,
ESTAT:FOR_AREA(1.0),12/03/21 11:00:00,A,THS_HA,OWL,ES,2018,9390.41,
ESTAT:FOR_AREA(1.0),12/03/21 11:00:00,A,THS_HA,OWL,ES,2019,9386.12,
ESTAT:FOR_AREA(1.0),12/03/21 11:00:00,A,THS_HA,OWL,ES,2020,9381.82,
ESTAT:FOR_AREA(1.0),12/03/21 11:00:00,A,THS_HA,OWL,FI,1990,925.90,
ESTAT:FOR_AREA(1.0),12/03/21 11:00:00,A,THS_HA,OWL,FI,2000,823.48,
ESTAT:FOR_AREA(1.0),12/03/21 11:00:00,A,THS_HA,OWL,FI,2010,789.00,
ESTAT:FOR_AREA(1.0),12/03/21 11:00:00,A,THS_HA,OWL,FI,2015,746.00,
ESTAT:FOR_AREA(1.0),12/03/21 11:00:00,A,THS_HA,OWL,FI,2016,746.00,
ESTAT:FOR_AREA(1.0),12/03/21 11:00:00,A,THS_HA,OWL,FI,2017,746.00,
ESTAT:FOR_AREA(1.0),12/03/21 11:00:00,A,THS_HA,OWL,FI,2018,746.00,
ESTAT:FOR_AREA(1.0),12/03/21 11:00:00,A,THS_HA,OWL,FI,2019,746.00,
ESTAT:FOR_AREA(1.0),12/03/21 11:00:00,A,THS_HA,OWL,FI,2020,746.00,
ESTAT:FOR_AREA(1.0),12/03/21 11:00:00,A,THS_HA,OWL,FR,1990,2038.00,
ESTAT:FOR_AREA(1.0),12/03/21 11:00:00,A,THS_HA,OWL,FR,2000,1804.00,
ESTAT:FOR_AREA(1.0),12/03/21 11:00:00,A,THS_HA,OWL,FR,2010,739.00,
ESTAT:FOR_AREA(1.0),12/03/21 11:00:00,A,THS_HA,OWL,FR,2015,791.00,
ESTAT:FOR_AREA(1.0),12/03/21 11:00:00,A,THS_HA,OWL,FR,2016,801.40,
ESTAT:FOR_AREA(1.0),12/03/21 11:00:00,A,THS_HA,OWL,FR,2017,811.80,
ESTAT:FOR_AREA(1.0),12/03/21 11:00:00,A,THS_HA,OWL,FR,2018,822.20,
ESTAT:FOR_AREA(1.0),12/03/21 11:00:00,A,THS_HA,OWL,FR,2019,832.60,
ESTAT:FOR_AREA(1.0),12/03/21 11:00:00,A,THS_HA,OWL,FR,2020,843.00,
ESTAT:FOR_AREA(1.0),12/03/21 11:00:00,A,THS_HA,OWL,HR,1990,277.00,
ESTAT:FOR_AREA(1.0),12/03/21 11:00:00,A,THS_HA,OWL,HR,2000,415.00,
ESTAT:FOR_AREA(1.0),12/03/21 11:00:00,A,THS_HA,OWL,HR,2010,554.00,
ESTAT:FOR_AREA(1.0),12/03/21 11:00:00,A,THS_HA,OWL,HR,2015,569.00,
ESTAT:FOR_AREA(1.0),12/03/21 11:00:00,A,THS_HA,OWL,HR,2016,612.53,
ESTAT:FOR_AREA(1.0),12/03/21 11:00:00,A,THS_HA,OWL,HR,2017,609.09,
ESTAT:FOR_AREA(1.0),12/03/21 11:00:00,A,THS_HA,OWL,HR,2018,612.09,
ESTAT:FOR_AREA(1.0),12/03/21 11:00:00,A,THS_HA,OWL,HR,2019,615.09,
ESTAT:FOR_AREA(1.0),12/03/21 11:00:00,A,THS_HA,OWL,HR,2020,618.09,
ESTAT:FOR_AREA(1.0),12/03/21 11:00:00,A,THS_HA,OWL,HU,1990,0.00,
ESTAT:FOR_AREA(1.0),12/03/21 11:00:00,A,THS_HA,OWL,HU,2000,0.00,
ESTAT:FOR_AREA(1.0),12/03/21 11:00:00,A,THS_HA,OWL,HU,2010,0.00,
ESTAT:FOR_AREA(1.0),12/03/21 11:00:00,A,THS_HA,OWL,HU,2015,153.00,
ESTAT:FOR_AREA(1.0),12/03/21 11:00:00,A,THS_HA,OWL,HU,2016,163.80,
ESTAT:FOR_AREA(1.0),12/03/21 11:00:00,A,THS_HA,OWL,HU,2017,173.00,
ESTAT:FOR_AREA(1.0),12/03/21 11:00:00,A,THS_HA,OWL,HU,2018,182.10,
ESTAT:FOR_AREA(1.0),12/03/21 11:00:00,A,THS_HA,OWL,HU,2019,191.30,
ESTAT:FOR_AREA(1.0),12/03/21 11:00:00,A,THS_HA,OWL,HU,2020,200.00,
ESTAT:FOR_AREA(1.0),12/03/21 11:00:00,A,THS_HA,OWL,IE,1990,49.27,
ESTAT:FOR_AREA(1.0),12/03/21 11:00:00,A,THS_HA,OWL,IE,2000,49.27,
ESTAT:FOR_AREA(1.0),12/03/21 11:00:00,A,THS_HA,OWL,IE,2010,47.68,
ESTAT:FOR_AREA(1.0),12/03/21 11:00:00,A,THS_HA,OWL,IE,2015,58.20,
ESTAT:FOR_AREA(1.0),12/03/21 11:00:00,A,THS_HA,OWL,IE,2016,61.97,
ESTAT:FOR_AREA(1.0),12/03/21 11:00:00,A,THS_HA,OWL,IE,2017,65.74,
ESTAT:FOR_AREA(1.0),12/03/21 11:00:00,A,THS_HA,OWL,IE,2018,65.74,
ESTAT:FOR_AREA(1.0),12/03/21 11:00:00,A,THS_HA,OWL,IE,2019,65.74,
ESTAT:FOR_AREA(1.0),12/03/21 11:00:00,A,THS_HA,OWL,IE,2020,65.74,
ESTAT:FOR_AREA(1.0),12/03/21 11:00:00,A,THS_HA,OWL,IT,1990,1533.33,
ESTAT:FOR_AREA(1.0),12/03/21 11:00:00,A,THS_HA,OWL,IT,2000,1649.78,
ESTAT:FOR_AREA(1.0),12/03/21 11:00:00,A,THS_HA,OWL,IT,2010,1760.62,
ESTAT:FOR_AREA(1.0),12/03/21 11:00:00,A,THS_HA,OWL,IT,2015,1813.24,
ESTAT:FOR_AREA(1.0),12/03/21 11:00:00,A,THS_HA,OWL,IT,2016,1823.76,
ESTAT:FOR_AREA(1.0),12/03/21 11:00:00,A,THS_HA,OWL,IT,2017,1834.28,
ESTAT:FOR_AREA(1.0),12/03/21 11:00:00,A,THS_HA,OWL,IT,2018,1844.80,
ESTAT:FOR_AREA(1.0),12/03/21 11:00:00,A,THS_HA,OWL,IT,2019,1855.32,
ESTAT:FOR_AREA(1.0),12/03/21 11:00:00,A,THS_HA,OWL,IT,2020,1865.84,
ESTAT:FOR_AREA(1.0),12/03/21 11:00:00,A,THS_HA,OWL,LI,1990,0.50,
ESTAT:FOR_AREA(1.0),12/03/21 11:00:00,A,THS_HA,OWL,LI,2000,0.26,
ESTAT:FOR_AREA(1.0),12/03/21 11:00:00,A,THS_HA,OWL,LI,2010,0.26,
ESTAT:FOR_AREA(1.0),12/03/21 11:00:00,A,THS_HA,OWL,LI,2015,0.26,
ESTAT:FOR_AREA(1.0),12/03/21 11:00:00,A,THS_HA,OWL,LI,2016,0.26,
ESTAT:FOR_AREA(1.0),12/03/21 11:00:00,A,THS_HA,OWL,LI,2017,0.26,
ESTAT:FOR_AREA(1.0),12/03/21 11:00:00,A,THS_HA,OWL,LI,2018,0.26,
ESTAT:FOR_AREA(1.0),12/03/21 11:00:00,A,THS_HA,OWL,LI,2019,0.26,
ESTAT:FOR_AREA(1.0),12/03/21 11:00:00,A,THS_HA,OWL,LI,2020,0.26,
ESTAT:FOR_AREA(1.0),12/03/21 11:00:00,A,THS_HA,OWL,LT,1990,80.00,
ESTAT:FOR_AREA(1.0),12/03/21 11:00:00,A,THS_HA,OWL,LT,2000,83.00,
ESTAT:FOR_AREA(1.0),12/03/21 11:00:00,A,THS_HA,OWL,LT,2010,84.00,
ESTAT:FOR_AREA(1.0),12/03/21 11:00:00,A,THS_HA,OWL,LT,2015,62.10,
ESTAT:FOR_AREA(1.0),12/03/21 11:00:00,A,THS_HA,OWL,LT,2016,58.50,
ESTAT:FOR_AREA(1.0),12/03/21 11:00:00,A,THS_HA,OWL,LT,2017,62.10,
ESTAT:FOR_AREA(1.0),12/03/21 11:00:00,A,THS_HA,OWL,LT,2018,62.10,
ESTAT:FOR_AREA(1.0),12/03/21 11:00:00,A,THS_HA,OWL,LT,2019,62.10,
ESTAT:FOR_AREA(1.0),12/03/21 11:00:00,A,THS_HA,OWL,LT,2020,62.10,
ESTAT:FOR_AREA(1.0),12/03/21 11:00:00,A,THS_HA,OWL,LU,1990,2.80,
ESTAT:FOR_AREA(1.0),12/03/21 11:00:00,A,THS_HA,OWL,LU,2000,2.40,
ESTAT:FOR_AREA(1.0),12/03/21 11:00:00,A,THS_HA,OWL,LU,2010,2.70,
ESTAT:FOR_AREA(1.0),12/03/21 11:00:00,A,THS_HA,OWL,LU,2015,2.70,
ESTAT:FOR_AREA(1.0),12/03/21 11:00:00,A,THS_HA,OWL,LU,2016,2.70,
ESTAT:FOR_AREA(1.0),12/03/21 11:00:00,A,THS_HA,OWL,LU,2017,2.70,
ESTAT:FOR_AREA(1.0),12/03/21 11:00:00,A,THS_HA,OWL,LU,2018,2.70,
ESTAT:FOR_AREA(1.0),12/03/21 11:00:00,A,THS_HA,OWL,LU,2019,2.70,
ESTAT:FOR_AREA(1.0),12/03/21 11:00:00,A,THS_HA,OWL,LU,2020,2.70,
ESTAT:FOR_AREA(1.0),12/03/21 11:00:00,A,THS_HA,OWL,LV,1990,115.00,
ESTAT:FOR_AREA(1.0),12/03/21 11:00:00,A,THS_HA,OWL,LV,2000,123.00,
ESTAT:FOR_AREA(1.0),12/03/21 11:00:00,A,THS_HA,OWL,LV,2010,113.80,
ESTAT:FOR_AREA(1.0),12/03/21 11:00:00,A,THS_HA,OWL,LV,2015,110.80,
ESTAT:FOR_AREA(1.0),12/03/21 11:00:00,A,THS_HA,OWL,LV,2016,110.20,
ESTAT:FOR_AREA(1.0),12/03/21 11:00:00,A,THS_HA,OWL,LV,2017,109.60,
ESTAT:FOR_AREA(1.0),12/03/21 11:00:00,A,THS_HA,OWL,LV,2018,109.00,
ESTAT:FOR_AREA(1.0),12/03/21 11:00:00,A,THS_HA,OWL,LV,2019,108.40,
ESTAT:FOR_AREA(1.0),12/03/21 11:00:00,A,THS_HA,OWL,LV,2020,107.80,
ESTAT:FOR_AREA(1.0),12/03/21 11:00:00,A,THS_HA,OWL,MT,1990,0.00,
ESTAT:FOR_AREA(1.0),12/03/21 11:00:00,A,THS_HA,OWL,MT,2000,0.00,
ESTAT:FOR_AREA(1.0),12/03/21 11:00:00,A,THS_HA,OWL,MT,2010,0.00,
ESTAT:FOR_AREA(1.0),12/03/21 11:00:00,A,THS_HA,OWL,MT,2015,0.00,
ESTAT:FOR_AREA(1.0),12/03/21 11:00:00,A,THS_HA,OWL,MT,2016,0.07,
ESTAT:FOR_AREA(1.0),12/03/21 11:00:00,A,THS_HA,OWL,MT,2017,0.07,
ESTAT:FOR_AREA(1.0),12/03/21 11:00:00,A,THS_HA,OWL,MT,2018,0.07,
ESTAT:FOR_AREA(1.0),12/03/21 11:00:00,A,THS_HA,OWL,MT,2019,0.07,
ESTAT:FOR_AREA(1.0),12/03/21 11:00:00,A,THS_HA,OWL,MT,2020,0.07,
ESTAT:FOR_AREA(1.0),12/03/21 11:00:00,A,THS_HA,OWL,NL,1990,0.00,
ESTAT:FOR_AREA(1.0),12/03/21 11:00:00,A,THS_HA,OWL,NL,2000,0.00,
ESTAT:FOR_AREA(1.0),12/03/21 11:00:00,A,THS_HA,OWL,NL,2010,0.00,
ESTAT:FOR_AREA(1.0),12/03/21 11:00:00,A,THS_HA,OWL,NL,2015,0.00,
ESTAT:FOR_AREA(1.0),12/03/21 11:00:00,A,THS_HA,OWL,NL,2016,0.00,
ESTAT:FOR_AREA(1.0),12/03/21 11:00:00,A,THS_HA,OWL,NL,2017,0.00,
ESTAT:FOR_AREA(1.0),12/03/21 11:00:00,A,THS_HA,OWL,NL,2018,0.00,
ESTAT:FOR_AREA(1.0),12/03/21 11:00:00,A,THS_HA,OWL,NL,2019,0.00,
ESTAT:FOR_AREA(1.0),12/03/21 11:00:00,A,THS_HA,OWL,NL,2020,0.00,
ESTAT:FOR_AREA(1.0),12/03/21 11:00:00,A,THS_HA,OWL,NO,1990,1868.00,
ESTAT:FOR_AREA(1.0),12/03/21 11:00:00,A,THS_HA,OWL,NO,2000,1869.00,
ESTAT:FOR_AREA(1.0),12/03/21 11:00:00,A,THS_HA,OWL,NO,2010,1941.00,
ESTAT:FOR_AREA(1.0),12/03/21 11:00:00,A,THS_HA,OWL,NO,2015,2043.00,
ESTAT:FOR_AREA(1.0),12/03/21 11:00:00,A,THS_HA,OWL,NO,2016,2063.40,
ESTAT:FOR_AREA(1.0),12/03/21 11:00:00,A,THS_HA,OWL,NO,2017,2083.80,
ESTAT:FOR_AREA(1.0),12/03/21 11:00:00,A,THS_HA,OWL,NO,2018,2104.20,
ESTAT:FOR_AREA(1.0),12/03/21 11:00:00,A,THS_HA,OWL,NO,2019,2124.60,
ESTAT:FOR_AREA(1.0),12/03/21 11:00:00,A,THS_HA,OWL,NO,2020,2145.00,
ESTAT:FOR_AREA(1.0),12/03/21 11:00:00,A,THS_HA,OWL,PL,1990,0.00,
ESTAT:FOR_AREA(1.0),12/03/21 11:00:00,A,THS_HA,OWL,PL,2000,0.00,
ESTAT:FOR_AREA(1.0),12/03/21 11:00:00,A,THS_HA,OWL,PL,2010,0.00,
ESTAT:FOR_AREA(1.0),12/03/21 11:00:00,A,THS_HA,OWL,PL,2015,0.00,
ESTAT:FOR_AREA(1.0),12/03/21 11:00:00,A,THS_HA,OWL,PL,2016,0.00,
ESTAT:FOR_AREA(1.0),12/03/21 11:00:00,A,THS_HA,OWL,PL,2017,0.00,
ESTAT:FOR_AREA(1.0),12/03/21 11:00:00,A,THS_HA,OWL,PL,2018,0.00,
ESTAT:FOR_AREA(1.0),12/03/21 11:00:00,A,THS_HA,OWL,PL,2019,0.00,
ESTAT:FOR_AREA(1.0),12/03/21 11:00:00,A,THS_HA,OWL,PL,2020,0.00,
ESTAT:FOR_AREA(1.0),12/03/21 11:00:00,A,THS_HA,OWL,PT,1990,1086.00,
ESTAT:FOR_AREA(1.0),12/03/21 11:00:00,A,THS_HA,OWL,PT,2000,987.00,
ESTAT:FOR_AREA(1.0),12/03/21 11:00:00,A,THS_HA,OWL,PT,2010,1501.00,
ESTAT:FOR_AREA(1.0),12/03/21 11:00:00,A,THS_HA,OWL,PT,2015,1543.00,
ESTAT:FOR_AREA(1.0),12/03/21 11:00:00,A,THS_HA,OWL,PT,2016,1543.00,
ESTAT:FOR_AREA(1.0),12/03/21 11:00:00,A,THS_HA,OWL,PT,2017,1543.00,
ESTAT:FOR_AREA(1.0),12/03/21 11:00:00,A,THS_HA,OWL,PT,2018,1543.00,
ESTAT:FOR_AREA(1.0),12/03/21 11:00:00,A,THS_HA,OWL,PT,2019,1543.00,
ESTAT:FOR_AREA(1.0),12/03/21 11:00:00,A,THS_HA,OWL,PT,2020,1543.00,
ESTAT:FOR_AREA(1.0),12/03/21 11:00:00,A,THS_HA,OWL,RO,1990,314.00,
ESTAT:FOR_AREA(1.0),12/03/21 11:00:00,A,THS_HA,OWL,RO,2000,234.00,
ESTAT:FOR_AREA(1.0),12/03/21 11:00:00,A,THS_HA,OWL,RO,2010,404.00,
ESTAT:FOR_AREA(1.0),12/03/21 11:00:00,A,THS_HA,OWL,RO,2015,93.59,
ESTAT:FOR_AREA(1.0),12/03/21 11:00:00,A,THS_HA,OWL,RO,2016,15.57,
ESTAT:FOR_AREA(1.0),12/03/21 11:00:00,A,THS_HA,OWL,RO,2017,15.57,
ESTAT:FOR_AREA(1.0),12/03/21 11:00:00,A,THS_HA,OWL,RO,2018,15.57,
ESTAT:FOR_AREA(1.0),12/03/21 11:00:00,A,THS_HA,OWL,RO,2019,15.57,
ESTAT:FOR_AREA(1.0),12/03/21 11:00:00,A,THS_HA,OWL,RO,2020,15.57,
ESTAT:FOR_AREA(1.0),12/03/21 11:00:00,A,THS_HA,OWL,SE,1990,2432.00,
ESTAT:FOR_AREA(1.0),12/03/21 11:00:00,A,THS_HA,OWL,SE,2000,2432.00,
ESTAT:FOR_AREA(1.0),12/03/21 11:00:00,A,THS_HA,OWL,SE,2010,2432.00,
ESTAT:FOR_AREA(1.0),12/03/21 11:00:00,A,THS_HA,OWL,SE,2015,2364.00,
ESTAT:FOR_AREA(1.0),12/03/21 11:00:00,A,THS_HA,OWL,SE,2016,2364.00,
ESTAT:FOR_AREA(1.0),12/03/21 11:00:00,A,THS_HA,OWL,SE,2017,2364.00,
ESTAT:FOR_AREA(1.0),12/03/21 11:00:00,A,THS_HA,OWL,SE,2018,2364.00,
ESTAT:FOR_AREA(1.0),12/03/21 11:00:00,A,THS_HA,OWL,SE,2019,2364.00,
ESTAT:FOR_AREA(1.0),12/03/21 11:00:00,A,THS_HA,OWL,SE,2020,2364.00,
ESTAT:FOR_AREA(1.0),12/03/21 11:00:00,A,THS_HA,OWL,SI,1990,41.00,
ESTAT:FOR_AREA(1.0),12/03/21 11:00:00,A,THS_HA,OWL,SI,2000,38.00,
ESTAT:FOR_AREA(1.0),12/03/21 11:00:00,A,THS_HA,OWL,SI,2010,25.00,
ESTAT:FOR_AREA(1.0),12/03/21 11:00:00,A,THS_HA,OWL,SI,2015,23.00,
ESTAT:FOR_AREA(1.0),12/03/21 11:00:00,A,THS_HA,OWL,SI,2016,23.88,
ESTAT:FOR_AREA(1.0),12/03/21 11:00:00,A,THS_HA,OWL,SI,2017,24.77,
ESTAT:FOR_AREA(1.0),12/03/21 11:00:00,A,THS_HA,OWL,SI,2018,25.65,
ESTAT:FOR_AREA(1.0),12/03/21 11:00:00,A,THS_HA,OWL,SI,2019,26.57,
ESTAT:FOR_AREA(1.0),12/03/21 11:00:00,A,THS_HA,OWL,SI,2020,27.42,
ESTAT:FOR_AREA(1.0),12/03/21 11:00:00,A,THS_HA,OWL,SK,1990,19.22,
ESTAT:FOR_AREA(1.0),12/03/21 11:00:00,A,THS_HA,OWL,SK,2000,19.99,
ESTAT:FOR_AREA(1.0),12/03/21 11:00:00,A,THS_HA,OWL,SK,2010,20.99,
ESTAT:FOR_AREA(1.0),12/03/21 11:00:00,A,THS_HA,OWL,SK,2015,20.82,
ESTAT:FOR_AREA(1.0),12/03/21 11:00:00,A,THS_HA,OWL,SK,2016,20.75,
ESTAT:FOR_AREA(1.0),12/03/21 11:00:00,A,THS_HA,OWL,SK,2017,20.41,
ESTAT:FOR_AREA(1.0),12/03/21 11:00:00,A,THS_HA,OWL,SK,2018,20.41,
ESTAT:FOR_AREA(1.0),12/03/21 11:00:00,A,THS_HA,OWL,SK,2019,20.41,
ESTAT:FOR_AREA(1.0),12/03/21 11:00:00,A,THS_HA,OWL,SK,2020,20.41,
ESTAT:FOR_AREA(1.0),12/03/21 11:00:00,A,THS_HA,OWL,UK,1990,20.00,
ESTAT:FOR_AREA(1.0),12/03/21 11:00:00,A,THS_HA,OWL,UK,2000,20.00,
ESTAT:FOR_AREA(1.0),12/03/21 11:00:00,A,THS_HA,OWL,UK,2010,20.00,
ESTAT:FOR_AREA(1.0),12/03/21 11:00:00,A,THS_HA,OWL,UK,2015,20.00,
ESTAT:FOR_AREA(1.0),12/03/21 11:00:00,A,THS_HA,OWL,UK,2016,20.00,
ESTAT:FOR_AREA(1.0),12/03/21 11:00:00,A,THS_HA,OWL,UK,2017,20.00,
ESTAT:FOR_AREA(1.0),12/03/21 11:00:00,A,THS_HA,OWL,UK,2018,20.00,
ESTAT:FOR_AREA(1.0),12/03/21 11:00:00,A,THS_HA,OWL,UK,2019,20.00,
ESTAT:FOR_AREA(1.0),12/03/21 11:00:00,A,THS_HA,OWL,UK,2020,20.00,
