id,region,speciescode,speciesname,season,codeeco,euringcode,typeasso
1,EU27,A402,Accipiter brevipes,B,cropland,2730,P
717,EU27,A402,Accipiter brevipes,B,woodlandForest,2730,P
2,EU27,A400,Accipiter gentilis,B,woodlandForest,2670,P
3,EU27,A619,Accipiter gentilis,B,woodlandForest,2670,P
4,EU27,A401,Accipiter nisus,B,woodlandForest,2690,P
5,EU27,A633,Accipiter nisus,B,urban,2690,P
718,EU27,A633,Accipiter nisus,B,woodlandForest,2690,P
6,EU27,A765-X,Acridotheres cristatellus,B,urban,,P
7,EU27,A680,Acrocephalus agricola,B,wetlands,12470,P
8,EU27,A298,Acrocephalus arundinaceus,B,riversLakes,12530,P
719,EU27,A298,Acrocephalus arundinaceus,B,wetlands,12530,P
9,EU27,A679,Acrocephalus dumetorum,B,wetlands,12480,P
720,EU27,A679,Acrocephalus dumetorum,B,woodlandForest,12480,P
10,EU27,A293,Acrocephalus melanopogon,W,riversLakes,12410,P
11,EU27,A293,Acrocephalus melanopogon,B,riversLakes,12410,P
721,EU27,A293,Acrocephalus melanopogon,W,wetlands,12410,P
722,EU27,A293,Acrocephalus melanopogon,B,wetlands,12410,P
12,EU27,A294,Acrocephalus paludicola,B,grassland,12420,P
723,EU27,A294,Acrocephalus paludicola,B,wetlands,12420,P
13,EU27,A296,Acrocephalus palustris,B,riversLakes,12500,P
724,EU27,A296,Acrocephalus palustris,B,wetlands,12500,P
14,EU27,A295,Acrocephalus schoenobaenus,B,riversLakes,12430,P
725,EU27,A295,Acrocephalus schoenobaenus,B,wetlands,12430,P
15,EU27,A297,Acrocephalus scirpaceus,B,riversLakes,12510,P
726,EU27,A297,Acrocephalus scirpaceus,B,wetlands,12510,P
16,EU27,A168,Actitis hypoleucos,B,riversLakes,5560,P
17,EU27,A168,Actitis hypoleucos,W,riversLakes,5560,P
727,EU27,A168,Actitis hypoleucos,B,sparselyVegetated,5560,P
728,EU27,A168,Actitis hypoleucos,W,sparselyVegetated,5560,P
18,EU27,A324,Aegithalos caudatus,B,cropland,14370,P
729,EU27,A324,Aegithalos caudatus,B,woodlandForest,14370,P
19,EU27,A223,Aegolius funereus,B,woodlandForest,7700,P
20,EU27,A079,Aegypius monachus,B,sparselyVegetated,2550,P
730,EU27,A079,Aegypius monachus,B,woodlandForest,2550,P
21,EU27,A553-X,Aix galericulata,B,riversLakes,,P
22,EU27,A749-X,Aix sponsa,B,riversLakes,,P
23,EU27,A247,Alauda arvensis,B,cropland,9760,P
24,EU27,A247,Alauda arvensis,W,cropland,9760,P
731,EU27,A247,Alauda arvensis,B,grassland,9760,P
732,EU27,A247,Alauda arvensis,W,grassland,9760,P
25,EU27,A200,Alca torda,B,sparselyVegetated,6360,P
26,EU27,A200,Alca torda,W,ocean,6360,P
733,EU27,A200,Alca torda,W,shelf,6360,P
27,EU27,A229,Alcedo atthis,B,riversLakes,8310,P
28,EU27,A111,Alectoris barbara,B,heathlandShrub,3590,P
734,EU27,A111,Alectoris barbara,B,sparselyVegetated,3590,P
29,EU27,A411,Alectoris chukar,B,heathlandShrub,3550,P
30,EU27,A411-X,Alectoris chukar,B,heathlandShrub,3550,P
735,EU27,A411,Alectoris chukar,B,sparselyVegetated,3550,P
736,EU27,A411-X,Alectoris chukar,B,sparselyVegetated,3550,P
31,EU27,A465,Alectoris graeca,B,heathlandShrub,3570,P
32,EU27,A412,Alectoris graeca,B,heathlandShrub,3570,P
33,EU27,A413,Alectoris graeca,B,heathlandShrub,3570,P
737,EU27,A465,Alectoris graeca,B,sparselyVegetated,3570,P
738,EU27,A412,Alectoris graeca,B,sparselyVegetated,3570,P
739,EU27,A413,Alectoris graeca,B,sparselyVegetated,3570,P
34,EU27,A110,Alectoris rufa,B,grassland,3580,P
740,EU27,A110,Alectoris rufa,B,sparselyVegetated,3580,P
1153,EU27,A110,Alectoris rufa,B,heathlandShrub,3580,P
35,EU27,A748-X,Alopochen aegyptiaca,B,riversLakes,,P
36,EU27,A764-X,Amandava amandava,B,wetlands,,P
37,EU27,A054,Anas acuta,B,riversLakes,1890,P
38,EU27,A054,Anas acuta,W,marineInlets,1890,P
741,EU27,A054,Anas acuta,B,wetlands,1890,P
742,EU27,A054,Anas acuta,W,riversLakes,1890,P
1154,EU27,A054,Anas acuta,B,sparselyVegetated,1890,P
39,EU27,A056,Anas clypeata,B,riversLakes,1940,P
40,EU27,A056,Anas clypeata,W,marineInlets,1940,P
743,EU27,A056,Anas clypeata,B,wetlands,1940,P
41,EU27,A704,Anas crecca,B,riversLakes,1840,P
42,EU27,A704,Anas crecca,W,marineInlets,1840,P
744,EU27,A704,Anas crecca,B,wetlands,1840,P
43,EU27,A050,Anas penelope,B,riversLakes,1790,P
44,EU27,A050,Anas penelope,W,marineInlets,1790,P
745,EU27,A050,Anas penelope,B,wetlands,1790,P
746,EU27,A050,Anas penelope,W,riversLakes,1790,P
45,EU27,A705,Anas platyrhynchos,B,riversLakes,1860,P
46,EU27,A705,Anas platyrhynchos,W,marineInlets,1860,P
747,EU27,A705,Anas platyrhynchos,B,wetlands,1860,P
47,EU27,A055,Anas querquedula,B,riversLakes,1910,P
748,EU27,A055,Anas querquedula,B,wetlands,1910,P
48,EU27,A703,Anas strepera,B,riversLakes,1820,P
49,EU27,A703,Anas strepera,W,marineInlets,1820,P
749,EU27,A703,Anas strepera,B,wetlands,1820,P
50,EU27,A394,Anser albifrons,W,cropland,1591,P
51,EU27,A395,Anser albifrons,W,cropland,1592,P
750,EU27,A394,Anser albifrons,W,grassland,1591,P
751,EU27,A395,Anser albifrons,W,grassland,1592,P
1283,EU27,A394,Anser albifrons,W,wetlands,1591,P
52,EU27,A043,Anser anser,B,riversLakes,1610,P
53,EU27,A043,Anser anser,W,cropland,1610,P
54,EU27,A043-X,Anser anser,B,riversLakes,1610,P
752,EU27,A043,Anser anser,B,wetlands,1610,P
753,EU27,A043,Anser anser,W,grassland,1610,P
754,EU27,A043-X,Anser anser,B,wetlands,1610,P
1156,EU27,A043,Anser anser,B,sparselyVegetated,1610,P
1158,EU27,A043-X,Anser anser,B,sparselyVegetated,1610,P
1284,EU27,A043,Anser anser,W,riversLakes,1610,P
55,EU27,A040,Anser brachyrhynchus,W,cropland,1580,P
755,EU27,A040,Anser brachyrhynchus,W,grassland,1580,P
56,EU27,A042,Anser erythropus,B,heathlandShrub,1600,P
57,EU27,A042,Anser erythropus,W,cropland,1600,P
756,EU27,A042,Anser erythropus,B,riversLakes,1600,P
757,EU27,A042,Anser erythropus,W,grassland,1600,P
1285,EU27,A042,Anser erythropus,W,wetlands,1600,P
58,EU27,A701,Anser fabalis,B,riversLakes,1571,P
59,EU27,A701,Anser fabalis,W,cropland,1571,P
60,EU27,A702,Anser fabalis,W,cropland,1574,P
758,EU27,A701,Anser fabalis,B,wetlands,1571,P
759,EU27,A701,Anser fabalis,W,grassland,1571,P
760,EU27,A702,Anser fabalis,W,riversLakes,1574,P
1160,EU27,A702,Anser fabalis,W,grassland,1574,P
61,EU27,A432,Anthus berthelotii,B,heathlandShrub,10060,P
761,EU27,A432,Anthus berthelotii,B,sparselyVegetated,10060,P
62,EU27,A255,Anthus campestris,B,grassland,10050,P
762,EU27,A255,Anthus campestris,B,sparselyVegetated,10050,P
1161,EU27,A255,Anthus campestris,B,heathlandShrub,10050,P
63,EU27,A258,Anthus cervinus,B,heathlandShrub,10120,P
763,EU27,A258,Anthus cervinus,B,wetlands,10120,P
64,EU27,A666,Anthus petrosus,B,sparselyVegetated,10142,P
65,EU27,A257,Anthus pratensis,B,grassland,10110,P
66,EU27,A257,Anthus pratensis,W,grassland,10110,P
764,EU27,A257,Anthus pratensis,B,wetlands,10110,P
765,EU27,A257,Anthus pratensis,W,wetlands,10110,P
1162,EU27,A257,Anthus pratensis,B,heathlandShrub,10110,P
766,EU27,A259,Anthus spinoletta,B,sparselyVegetated,10140,P
767,EU27,A259,Anthus spinoletta,W,sparselyVegetated,10140,P
1163,EU27,A259,Anthus spinoletta,B,riversLakes,10140,P
1164,EU27,A259,Anthus spinoletta,W,riversLakes,10140,P
1286,EU27,A259,Anthus spinoletta,B,wetlands,10140,P
1287,EU27,A259,Anthus spinoletta,W,wetlands,10140,P
69,EU27,A256,Anthus trivialis,B,heathlandShrub,10090,P
768,EU27,A256,Anthus trivialis,B,woodlandForest,10090,P
70,EU27,A677,Apus affinis,B,sparselyVegetated,8000,P
769,EU27,A677,Apus affinis,B,urban,8000,P
71,EU27,A226,Apus apus,B,sparselyVegetated,7950,P
770,EU27,A226,Apus apus,B,woodlandForest,7950,P
1165,EU27,A226,Apus apus,B,urban,7950,P
72,EU27,A424,Apus caffer,B,sparselyVegetated,7990,P
771,EU27,A424,Apus caffer,B,urban,7990,P
73,EU27,A227,Apus pallidus,B,sparselyVegetated,7960,P
772,EU27,A227,Apus pallidus,B,urban,7960,P
74,EU27,A425,Apus unicolor,B,sparselyVegetated,7940,P
75,EU27,A405,Aquila adalberti,B,heathlandShrub,2952,P
76,EU27,A405,Aquila adalberti,W,heathlandShrub,2952,P
77,EU27,A091,Aquila chrysaetos,B,heathlandShrub,2960,P
78,EU27,A090,Aquila clanga,B,wetlands,2930,P
79,EU27,A090,Aquila clanga,W,wetlands,2930,P
773,EU27,A090,Aquila clanga,B,woodlandForest,2930,P
774,EU27,A090,Aquila clanga,W,woodlandForest,2930,P
80,EU27,A707,Aquila fasciatus,B,sparselyVegetated,2990,P
775,EU27,A707,Aquila fasciatus,B,woodlandForest,2990,P
81,EU27,A404,Aquila heliaca,B,grassland,2950,P
82,EU27,A404,Aquila heliaca,W,grassland,2950,P
776,EU27,A404,Aquila heliaca,B,woodlandForest,2950,P
777,EU27,A404,Aquila heliaca,W,woodlandForest,2950,P
83,EU27,A089,Aquila pomarina,B,grassland,2920,P
778,EU27,A089,Aquila pomarina,B,woodlandForest,2920,P
84,EU27,A699,Ardea cinerea,B,riversLakes,1220,P
85,EU27,A699,Ardea cinerea,W,marineInlets,1220,P
779,EU27,A699,Ardea cinerea,B,woodlandForest,1220,P
1166,EU27,A699,Ardea cinerea,B,wetlands,1220,P
86,EU27,A634-A,Ardea purpurea,B,riversLakes,1240,P
87,EU27,A634-B,Ardea purpurea,B,riversLakes,1240,P
780,EU27,A634-A,Ardea purpurea,B,wetlands,1240,P
781,EU27,A634-B,Ardea purpurea,B,wetlands,1240,P
782,EU27,A635,Ardeola ralloides,B,wetlands,1080,P
88,EU27,A635,Ardeola ralloides,B,riversLakes,1080,P
89,EU27,A169,Arenaria interpres,B,sparselyVegetated,5610,P
90,EU27,A169,Arenaria interpres,W,coastal,5610,P
783,EU27,A169,Arenaria interpres,W,sparselyVegetated,5610,P
1167,EU27,A169,Arenaria interpres,W,riversLakes,5610,P
91,EU27,A222,Asio flammeus,B,grassland,7680,P
92,EU27,A222,Asio flammeus,W,cropland,7680,P
784,EU27,A222,Asio flammeus,B,heathlandShrub,7680,P
785,EU27,A222,Asio flammeus,W,wetlands,7680,P
1168,EU27,A222,Asio flammeus,B,wetlands,7680,P
1169,EU27,A222,Asio flammeus,W,grassland,7680,P
93,EU27,A221,Asio otus,B,cropland,7670,P
786,EU27,A221,Asio otus,B,woodlandForest,7670,P
94,EU27,A218,Athene noctua,B,grassland,7570,P
787,EU27,A218,Athene noctua,B,woodlandForest,7570,P
1302,EU27,A218,Athene noctua,B,cropland,7570,P
95,EU27,A059,Aythya ferina,B,riversLakes,1980,P
96,EU27,A059,Aythya ferina,W,marineInlets,1980,P
788,EU27,A059,Aythya ferina,B,wetlands,1980,P
97,EU27,A061,Aythya fuligula,B,riversLakes,2030,P
98,EU27,A061,Aythya fuligula,W,coastal,2030,P
789,EU27,A061,Aythya fuligula,B,wetlands,2030,P
790,EU27,A061,Aythya fuligula,W,marineInlets,2030,P
1170,EU27,A061,Aythya fuligula,B,sparselyVegetated,2030,P
99,EU27,A062,Aythya marila,B,riversLakes,2040,P
100,EU27,A062,Aythya marila,W,coastal,2040,P
791,EU27,A062,Aythya marila,B,sparselyVegetated,2040,P
792,EU27,A062,Aythya marila,W,marineInlets,2040,P
101,EU27,A060-A,Aythya nyroca,B,riversLakes,2020,P
102,EU27,A060-B,Aythya nyroca,B,riversLakes,2020,P
103,EU27,A060-B,Aythya nyroca,W,marineInlets,2020,P
104,EU27,A060-A,Aythya nyroca,W,marineInlets,2020,P
793,EU27,A060-A,Aythya nyroca,B,wetlands,2020,P
794,EU27,A060-B,Aythya nyroca,B,wetlands,2020,P
105,EU27,A263,Bombycilla garrulus,B,woodlandForest,10480,P
106,EU27,A104,Bonasa bonasia,B,woodlandForest,,P
107,EU27,A688-A,Botaurus stellaris,B,riversLakes,950,P
108,EU27,A688-B,Botaurus stellaris,B,riversLakes,950,P
109,EU27,A688-B,Botaurus stellaris,W,riversLakes,950,P
110,EU27,A688-A,Botaurus stellaris,W,riversLakes,950,P
795,EU27,A688-A,Botaurus stellaris,B,wetlands,950,P
796,EU27,A688-B,Botaurus stellaris,B,wetlands,950,P
111,EU27,A675,Branta bernicla,W,grassland,1681,P
112,EU27,A674-A,Branta bernicla,W,grassland,1682,P
113,EU27,A674-B,Branta bernicla,W,grassland,1682,P
797,EU27,A675,Branta bernicla,W,marineInlets,1681,P
114,EU27,A044-X,Branta canadensis,B,riversLakes,1660,P
798,EU27,A044-X,Branta canadensis,B,wetlands,1660,P
1171,EU27,A044-X,Branta canadensis,B,sparselyVegetated,1660,P
115,EU27,A045-A,Branta leucopsis,W,cropland,1670,P
116,EU27,A045-B,Branta leucopsis,W,cropland,1670,P
117,EU27,A045-C,Branta leucopsis,B,riversLakes,1670,P
118,EU27,A045-C,Branta leucopsis,W,cropland,1670,P
119,EU27,A045-X,Branta leucopsis,B,riversLakes,,P
799,EU27,A045-C,Branta leucopsis,B,sparselyVegetated,1670,P
800,EU27,A045-C,Branta leucopsis,W,grassland,1670,P
801,EU27,A045-X,Branta leucopsis,B,sparselyVegetated,,P
1172,EU27,A045-X,Branta leucopsis,B,urban,,P
120,EU27,A396,Branta ruficollis,W,grassland,1690,P
802,EU27,A396,Branta ruficollis,W,riversLakes,1690,P
1173,EU27,A396,Branta ruficollis,W,wetlands,1690,P
121,EU27,A215,Bubo bubo,B,sparselyVegetated,7440,P
122,EU27,A215-X,Bubo bubo,B,sparselyVegetated,7440,P
803,EU27,A215,Bubo bubo,B,woodlandForest,7440,P
804,EU27,A215-X,Bubo bubo,B,woodlandForest,7440,P
123,EU27,A736,Bubo scandiaca,B,heathlandShrub,7490,P
805,EU27,A736,Bubo scandiaca,B,sparselyVegetated,7490,P
124,EU27,A696,Bubulcus ibis,B,grassland,1110,P
125,EU27,A696,Bubulcus ibis,W,grassland,1110,P
806,EU27,A696,Bubulcus ibis,B,riversLakes,1110,P
807,EU27,A696,Bubulcus ibis,W,riversLakes,1110,P
126,EU27,A452,Bucanetes githagineus,B,heathlandShrub,16760,P
808,EU27,A452,Bucanetes githagineus,B,sparselyVegetated,16760,P
127,EU27,A067,Bucephala clangula,B,riversLakes,2180,P
128,EU27,A067,Bucephala clangula,W,coastal,2180,P
809,EU27,A067,Bucephala clangula,B,woodlandForest,2180,P
810,EU27,A067,Bucephala clangula,W,marineInlets,2180,P
1174,EU27,A067,Bucephala clangula,W,riversLakes,2180,P
129,EU27,A387,Bulweria bulwerii,B,sparselyVegetated,340,P
130,EU27,A133,Burhinus oedicnemus,B,grassland,4590,P
131,EU27,A133,Burhinus oedicnemus,W,grassland,4590,P
811,EU27,A133,Burhinus oedicnemus,B,sparselyVegetated,4590,P
812,EU27,A133,Burhinus oedicnemus,W,sparselyVegetated,4590,P
1175,EU27,A133,Burhinus oedicnemus,B,heathlandShrub,4590,P
1176,EU27,A133,Burhinus oedicnemus,W,heathlandShrub,4590,P
132,EU27,A087,Buteo buteo,B,cropland,2870,P
813,EU27,A087,Buteo buteo,B,woodlandForest,2870,P
133,EU27,A088,Buteo lagopus,B,woodlandForest,2900,P
134,EU27,A088,Buteo lagopus,W,cropland,2900,P
814,EU27,A088,Buteo lagopus,B,sparselyVegetated,2900,P
815,EU27,A088,Buteo lagopus,W,sparselyVegetated,2900,P
1177,EU27,A088,Buteo lagopus,B,heathlandShrub,2900,P
1178,EU27,A088,Buteo lagopus,W,grassland,2900,P
135,EU27,A403,Buteo rufinus,B,grassland,2880,P
816,EU27,A403,Buteo rufinus,B,sparselyVegetated,2880,P
1179,EU27,A403,Buteo rufinus,B,heathlandShrub,2880,P
136,EU27,A751-X,Cairina moschata,B,riversLakes,,P
137,EU27,A243,Calandrella brachydactyla,B,cropland,9680,P
817,EU27,A243,Calandrella brachydactyla,B,heathlandShrub,9680,P
1289,EU27,A243,Calandrella brachydactyla,B,grassland,9680,P
138,EU27,A431,Calandrella rufescens,B,grassland,9700,P
818,EU27,A431,Calandrella rufescens,B,sparselyVegetated,9700,P
1181,EU27,A431,Calandrella rufescens,B,heathlandShrub,9700,P
139,EU27,A374,Calcarius lapponicus,B,heathlandShrub,18470,P
819,EU27,A374,Calcarius lapponicus,B,wetlands,18470,P
140,EU27,A144,Calidris alba,W,marineInlets,4970,P
820,EU27,A144,Calidris alba,W,sparselyVegetated,4970,P
141,EU27,A149,Calidris alpina,W,sparselyVegetated,5120,P
142,EU27,A672,Calidris alpina,B,wetlands,5121,P
143,EU27,A466-A,Calidris alpina,B,sparselyVegetated,5123,P
144,EU27,A466-B,Calidris alpina,B,wetlands,5123,P
821,EU27,A466-A,Calidris alpina,B,wetlands,5123,P
822,EU27,A466-B,Calidris alpina,B,sparselyVegetated,5123,P
1182,EU27,A466-B,Calidris alpina,B,grassland,5123,P
145,EU27,A143,Calidris canutus,W,marineInlets,4960,P
823,EU27,A143,Calidris canutus,W,sparselyVegetated,4960,P
146,EU27,A147,Calidris ferruginea,W,sparselyVegetated,5090,P
147,EU27,A670-A,Calidris maritima,B,sparselyVegetated,5100,P
148,EU27,A670-A,Calidris maritima,W,marineInlets,5100,P
149,EU27,A670-B,Calidris maritima,W,sparselyVegetated,5100,P
824,EU27,A670-A,Calidris maritima,B,wetlands,5100,P
825,EU27,A670-A,Calidris maritima,W,sparselyVegetated,5100,P
150,EU27,A145,Calidris minuta,W,sparselyVegetated,5010,P
151,EU27,A145,Calidris minuta,B,wetlands,5010,P
826,EU27,A145,Calidris minuta,B,marineInlets,5010,P
152,EU27,A146,Calidris temminckii,B,heathlandShrub,5020,P
827,EU27,A146,Calidris temminckii,B,riversLakes,5020,P
1183,EU27,A146,Calidris temminckii,B,sparselyVegetated,5020,P
153,EU27,A010,Calonectris diomedea,B,sparselyVegetated,360,P
154,EU27,A224,Caprimulgus europaeus,B,heathlandShrub,7780,P
828,EU27,A224,Caprimulgus europaeus,B,woodlandForest,7780,P
155,EU27,A225,Caprimulgus ruficollis,B,heathlandShrub,7790,P
829,EU27,A225,Caprimulgus ruficollis,B,woodlandForest,7790,P
156,EU27,A681,Carduelis cabaret,B,heathlandShrub,16634,P
157,EU27,A681,Carduelis cabaret,W,heathlandShrub,16634,P
830,EU27,A681,Carduelis cabaret,B,woodlandForest,16634,P
831,EU27,A681,Carduelis cabaret,W,woodlandForest,16634,P
158,EU27,A366,Carduelis cannabina,B,cropland,16600,P
159,EU27,A366,Carduelis cannabina,W,cropland,16600,P
832,EU27,A366,Carduelis cannabina,B,grassland,16600,P
833,EU27,A366,Carduelis cannabina,W,grassland,16600,P
1184,EU27,A366,Carduelis cannabina,B,heathlandShrub,16600,P
1185,EU27,A366,Carduelis cannabina,W,heathlandShrub,16600,P
160,EU27,A364,Carduelis carduelis,B,cropland,16530,P
161,EU27,A364,Carduelis carduelis,W,cropland,16530,P
834,EU27,A364,Carduelis carduelis,B,woodlandForest,16530,P
835,EU27,A364,Carduelis carduelis,W,woodlandForest,16530,P
1186,EU27,A364,Carduelis carduelis,B,grassland,16530,P
1187,EU27,A364,Carduelis carduelis,W,grassland,16530,P
162,EU27,A745,Carduelis chloris,B,cropland,16490,P
836,EU27,A745,Carduelis chloris,B,woodlandForest,16490,P
1188,EU27,A745,Carduelis chloris,B,urban,16490,P
163,EU27,A623,Carduelis citrinella,B,heathlandShrub,16441,P
837,EU27,A623,Carduelis citrinella,B,woodlandForest,16441,P
164,EU27,A669,Carduelis corsicana,B,heathlandShrub,16442,P
165,EU27,A368,Carduelis flammea,B,heathlandShrub,16630,P
838,EU27,A368,Carduelis flammea,B,woodlandForest,16630,P
166,EU27,A367,Carduelis flavirostris,B,heathlandShrub,16620,P
839,EU27,A367,Carduelis flavirostris,B,sparselyVegetated,16620,P
167,EU27,A543,Carduelis hornemanni,B,heathlandShrub,16640,P
168,EU27,A365,Carduelis spinus,B,woodlandForest,16540,P
169,EU27,A365,Carduelis spinus,W,woodlandForest,16540,P
170,EU27,A371,Carpodacus erythrinus,B,wetlands,16790,P
840,EU27,A371,Carpodacus erythrinus,B,riversLakes,16790,P
1189,EU27,A371,Carpodacus erythrinus,B,grassland,16790,P
171,EU27,A698,Casmerodius albus,B,riversLakes,1210,P
172,EU27,A698,Casmerodius albus,W,marineInlets,1210,P
841,EU27,A698,Casmerodius albus,B,wetlands,1210,P
842,EU27,A698,Casmerodius albus,W,wetlands,1210,P
1190,EU27,A698,Casmerodius albus,B,sparselyVegetated,1210,P
173,EU27,A175,Catharacta skua,B,sparselyVegetated,5690,P
174,EU27,A175,Catharacta skua,W,ocean,5690,P
843,EU27,A175,Catharacta skua,W,shelf,5690,P
175,EU27,A202,Cepphus grylle,B,sparselyVegetated,6380,P
176,EU27,A202,Cepphus grylle,W,coastal,6380,P
844,EU27,A202,Cepphus grylle,W,shelf,6380,P
177,EU27,A637,Certhia brachydactyla,B,woodlandForest,14870,P
178,EU27,A469,Certhia brachydactyla,B,woodlandForest,14870,P
179,EU27,A334,Certhia familiaris,B,woodlandForest,14860,P
180,EU27,A288,Cettia cetti,B,riversLakes,12200,P
845,EU27,A288,Cettia cetti,B,wetlands,12200,P
181,EU27,A682-A,Charadrius alexandrinus,B,sparselyVegetated,4770,P
182,EU27,A682-B,Charadrius alexandrinus,B,riversLakes,4770,P
183,EU27,A682-A,Charadrius alexandrinus,W,sparselyVegetated,4770,P
184,EU27,A682-B,Charadrius alexandrinus,W,riversLakes,4770,P
846,EU27,A682-B,Charadrius alexandrinus,B,wetlands,4770,P
847,EU27,A682-B,Charadrius alexandrinus,W,wetlands,4770,P
1191,EU27,A682-B,Charadrius alexandrinus,B,sparselyVegetated,4770,P
1192,EU27,A682-B,Charadrius alexandrinus,W,sparselyVegetated,4770,P
185,EU27,A726,Charadrius dubius,B,riversLakes,4690,P
1193,EU27,A726,Charadrius dubius,B,sparselyVegetated,4690,P
1291,EU27,A726,Charadrius dubius,B,wetlands,4690,P
186,EU27,A137,Charadrius hiaticula,B,riversLakes,4700,P
187,EU27,A137,Charadrius hiaticula,W,riversLakes,4700,P
849,EU27,A137,Charadrius hiaticula,B,wetlands,4700,P
850,EU27,A137,Charadrius hiaticula,W,wetlands,4700,P
1194,EU27,A137,Charadrius hiaticula,B,sparselyVegetated,4700,P
1195,EU27,A137,Charadrius hiaticula,W,sparselyVegetated,4700,P
188,EU27,A668,Charadrius leschenaultii,W,sparselyVegetated,4790,P
189,EU27,A788-X,Chen caerulescens,B,Wetlands,1630,P
190,EU27,A430,Chersophilus duponti,B,heathlandShrub,9590,P
851,EU27,A430,Chersophilus duponti,B,sparselyVegetated,9590,P
191,EU27,A416,Chlamydotis undulata,B,heathlandShrub,4440,P
852,EU27,A416,Chlamydotis undulata,B,sparselyVegetated,4440,P
192,EU27,A734,Chlidonias hybrida,B,riversLakes,6260,P
853,EU27,A734,Chlidonias hybrida,B,wetlands,6260,P
193,EU27,A198,Chlidonias leucopterus,B,riversLakes,6280,P
854,EU27,A198,Chlidonias leucopterus,B,wetlands,6280,P
194,EU27,A197,Chlidonias niger,B,riversLakes,6270,P
855,EU27,A197,Chlidonias niger,B,wetlands,6270,P
195,EU27,A755-X,Chrysolophus amherstiae,B,woodlandForest,,P
196,EU27,A557-X,Chrysolophus pictus,B,woodlandForest,,P
197,EU27,A667-A,Ciconia ciconia,B,urban,1340,P
198,EU27,A667-B,Ciconia ciconia,B,grassland,1340,P
856,EU27,A667-B,Ciconia ciconia,B,urban,1340,P
1303,EU27,A667-A,Ciconia ciconia,B,grassland,1340,P
199,EU27,A030-A,Ciconia nigra,B,wetlands,1310,P
200,EU27,A030-B,Ciconia nigra,B,wetlands,1310,P
857,EU27,A030-A,Ciconia nigra,B,woodlandForest,1310,P
858,EU27,A030-B,Ciconia nigra,B,woodlandForest,1310,P
201,EU27,A264,Cinclus cinclus,B,riversLakes,10500,P
202,EU27,A080,Circaetus gallicus,B,grassland,2560,P
859,EU27,A080,Circaetus gallicus,B,heathlandShrub,2560,P
1196,EU27,A080,Circaetus gallicus,B,woodlandForest,2560,P
203,EU27,A081,Circus aeruginosus,B,riversLakes,2600,P
204,EU27,A081,Circus aeruginosus,W,riversLakes,2600,P
860,EU27,A081,Circus aeruginosus,B,wetlands,2600,P
861,EU27,A081,Circus aeruginosus,W,wetlands,2600,P
205,EU27,A082,Circus cyaneus,B,grassland,2610,P
206,EU27,A082,Circus cyaneus,W,grassland,2610,P
863,EU27,A082,Circus cyaneus,W,heathlandShrub,2610,P
1197,EU27,A082,Circus cyaneus,B,wetlands,2610,P
1198,EU27,A082,Circus cyaneus,W,wetlands,2610,P
1292,EU27,A082,Circus cyaneus,B,heathlandShrub,2610,P
207,EU27,A083,Circus macrourus,B,cropland,2620,P
864,EU27,A083,Circus macrourus,B,grassland,2620,P
1199,EU27,A083,Circus macrourus,B,heathlandShrub,2620,P
208,EU27,A084,Circus pygargus,B,cropland,2630,P
865,EU27,A084,Circus pygargus,B,grassland,2630,P
1200,EU27,A084,Circus pygargus,B,heathlandShrub,2630,P
209,EU27,A289,Cisticola juncidis,B,cropland,12260,P
866,EU27,A289,Cisticola juncidis,B,grassland,12260,P
210,EU27,A211,Clamator glandarius,B,heathlandShrub,7160,P
211,EU27,A064,Clangula hyemalis,B,riversLakes,2120,P
212,EU27,A064,Clangula hyemalis,W,coastal,2120,P
867,EU27,A064,Clangula hyemalis,W,shelf,2120,P
213,EU27,A373,Coccothraustes coccothraustes,B,cropland,17170,P
868,EU27,A373,Coccothraustes coccothraustes,B,woodlandForest,17170,P
214,EU27,A752-X,Colinus virginianus,B,cropland,,P
215,EU27,A422,Columba bollii,B,sparselyVegetated,6720,P
869,EU27,A422,Columba bollii,B,woodlandForest,6720,P
216,EU27,A423,Columba junoniae,B,sparselyVegetated,6730,P
870,EU27,A423,Columba junoniae,B,woodlandForest,6730,P
217,EU27,A206,Columba livia,B,sparselyVegetated,6650,P
871,EU27,A206,Columba livia,B,urban,6650,P
218,EU27,A207,Columba oenas,B,cropland,6680,P
872,EU27,A207,Columba oenas,B,woodlandForest,6680,P
219,EU27,A421,Columba palumbus,B,urban,6700,P
220,EU27,A687,Columba palumbus,B,urban,6700,P
873,EU27,A421,Columba palumbus,B,woodlandForest,6700,P
874,EU27,A687,Columba palumbus,B,woodlandForest,6700,P
1304,EU27,A687,Columba palumbus,B,cropland,6700,P
221,EU27,A455,Columba trocaz,B,sparselyVegetated,6710,P
875,EU27,A455,Columba trocaz,B,woodlandForest,6710,P
222,EU27,A231,Coracias garrulus,B,cropland,8410,P
876,EU27,A231,Coracias garrulus,B,heathlandShrub,8410,P
1201,EU27,A231,Coracias garrulus,B,woodlandForest,8410,P
223,EU27,A350,Corvus corax,B,sparselyVegetated,15720,P
877,EU27,A350,Corvus corax,B,woodlandForest,15720,P
224,EU27,A742,Corvus corone,B,cropland,15673,P
225,EU27,A743,Corvus corone,B,cropland,15671,P
878,EU27,A742,Corvus corone,B,woodlandForest,15673,P
1202,EU27,A742,Corvus corone,B,urban,15673,P
879,EU27,A743,Corvus corone,B,woodlandForest,15671,P
226,EU27,A348,Corvus frugilegus,B,cropland,15630,P
880,EU27,A348,Corvus frugilegus,B,urban,15630,P
227,EU27,A347,Corvus monedula,B,cropland,15600,P
881,EU27,A347,Corvus monedula,B,urban,15600,P
228,EU27,A113,Coturnix coturnix,B,cropland,3700,P
882,EU27,A113,Coturnix coturnix,B,grassland,3700,P
229,EU27,A122,Crex crex,B,cropland,4210,P
883,EU27,A122,Crex crex,B,grassland,4210,P
1203,EU27,A122,Crex crex,B,wetlands,4210,P
230,EU27,A212,Cuculus canorus,B,cropland,7240,P
884,EU27,A212,Cuculus canorus,B,wetlands,7240,P
1204,EU27,A212,Cuculus canorus,B,woodlandForest,7240,P
231,EU27,A134,Cursorius cursor,B,sparselyVegetated,4640,P
232,EU27,A454,Cyanopica cyanus,B,woodlandForest,15470,P
233,EU27,A747-X,Cygnus atratus,B,riversLakes,,P
234,EU27,A037,Cygnus columbianus,W,marineInlets,1532,P
885,EU27,A037,Cygnus columbianus,W,cropland,1532,P
1205,EU27,A037,Cygnus columbianus,W,grassland,1532,P
235,EU27,A038-A,Cygnus cygnus,W,cropland,1540,P
236,EU27,A038-B,Cygnus cygnus,W,cropland,1540,P
237,EU27,A038-C,Cygnus cygnus,W,marineInlets,1540,P
238,EU27,A038-A,Cygnus cygnus,B,riversLakes,1540,P
239,EU27,A038-B,Cygnus cygnus,B,riversLakes,1540,P
886,EU27,A038-A,Cygnus cygnus,W,grassland,1540,P
887,EU27,A038-B,Cygnus cygnus,W,grassland,1540,P
888,EU27,A038-C,Cygnus cygnus,W,cropland,1540,P
1206,EU27,A038-C,Cygnus cygnus,W,grassland,1540,P
240,EU27,A036,Cygnus olor,B,riversLakes,1520,P
241,EU27,A036,Cygnus olor,W,marineInlets,1520,P
889,EU27,A036,Cygnus olor,B,wetlands,1520,P
242,EU27,A738,Delichon urbicum,B,sparselyVegetated,10010,P
890,EU27,A738,Delichon urbicum,B,urban,10010,P
243,EU27,A239,Dendrocopos leucotos,B,woodlandForest,8840,P
244,EU27,A658,Dendrocopos major,B,urban,8760,P
245,EU27,A427,Dendrocopos major,B,woodlandForest,8760,P
246,EU27,A428,Dendrocopos major,B,woodlandForest,8760,P
891,EU27,A658,Dendrocopos major,B,woodlandForest,8760,P
1305,EU27,A658,Dendrocopos major,B,cropland,8760,P
247,EU27,A238,Dendrocopos medius,B,woodlandForest,8830,P
248,EU27,A240,Dendrocopos minor,B,woodlandForest,8870,P
249,EU27,A429,Dendrocopos syriacus,B,cropland,8780,P
892,EU27,A429,Dendrocopos syriacus,B,woodlandForest,8780,P
1207,EU27,A429,Dendrocopos syriacus,B,urban,8780,P
250,EU27,A236,Dryocopus martius,B,woodlandForest,8630,P
251,EU27,A697,Egretta garzetta,B,riversLakes,1190,P
252,EU27,A697,Egretta garzetta,W,riversLakes,1190,P
893,EU27,A697,Egretta garzetta,B,wetlands,1190,P
894,EU27,A697,Egretta garzetta,W,wetlands,1190,P
253,EU27,A399,Elanus caeruleus,B,grassland,2350,P
895,EU27,A399,Elanus caeruleus,B,sparselyVegetated,2350,P
254,EU27,A540,Emberiza aureola,B,woodlandForest,18760,P
1306,EU27,A540,Emberiza aureola,B,cropland,18760,P
255,EU27,A447,Emberiza caesia,B,sparselyVegetated,18680,P
256,EU27,A378,Emberiza cia,B,heathlandShrub,18600,P
896,EU27,A378,Emberiza cia,B,sparselyVegetated,18600,P
1325,EU27,A446,Emberiza cineracea,B,sparselyVegetated,18650,P
257,EU27,A377,Emberiza cirlus,B,grassland,18580,P
897,EU27,A377,Emberiza cirlus,B,heathlandShrub,18580,P
1307,EU27,A377,Emberiza cirlus,B,cropland,18580,P
258,EU27,A376,Emberiza citrinella,B,cropland,18570,P
898,EU27,A376,Emberiza citrinella,B,woodlandForest,18570,P
899,EU27,A379,Emberiza hortulana,B,grassland,18660,P
1209,EU27,A379,Emberiza hortulana,B,heathlandShrub,18660,P
1308,EU27,A379,Emberiza hortulana,B,cropland,18660,P
259,EU27,A382,Emberiza melanocephala,B,heathlandShrub,18810,P
900,EU27,A382,Emberiza melanocephala,B,sparselyVegetated,18810,P
1309,EU27,A382,Emberiza melanocephala,B,cropland,18810,P
260,EU27,A380,Emberiza pusilla,B,wetlands,18740,P
901,EU27,A380,Emberiza pusilla,B,woodlandForest,18740,P
261,EU27,A542,Emberiza rustica,B,wetlands,18730,P
902,EU27,A542,Emberiza rustica,B,woodlandForest,18730,P
262,EU27,A381,Emberiza schoeniclus,B,riversLakes,18770,P
903,EU27,A381,Emberiza schoeniclus,B,wetlands,18770,P
263,EU27,A248,Eremophila alpestris,B,heathlandShrub,9780,P
904,EU27,A248,Eremophila alpestris,B,sparselyVegetated,9780,P
264,EU27,A269,Erithacus rubecula,B,urban,10990,P
905,EU27,A269,Erithacus rubecula,B,woodlandForest,10990,P
265,EU27,A739,Erythropygia galactotes,B,heathlandShrub,10950,P
1310,EU27,A739,Erythropygia galactotes,B,cropland,10950,P
266,EU27,A727,Eudromias morinellus,B,heathlandShrub,4820,P
267,EU27,A727,Eudromias morinellus,W,heathlandShrub,4820,P
906,EU27,A727,Eudromias morinellus,B,sparselyVegetated,4820,P
907,EU27,A727,Eudromias morinellus,W,sparselyVegetated,4820,P
268,EU27,A101,Falco biarmicus,B,heathlandShrub,3140,P
908,EU27,A101,Falco biarmicus,B,sparselyVegetated,3140,P
269,EU27,A511,Falco cherrug,B,grassland,3160,P
909,EU27,A511,Falco cherrug,B,sparselyVegetated,3160,P
1210,EU27,A511,Falco cherrug,B,heathlandShrub,3160,P
270,EU27,A098,Falco columbarius,B,woodlandForest,3090,P
910,EU27,A098,Falco columbarius,B,sparselyVegetated,3090,P
911,EU27,A098,Falco columbarius,W,grassland,3090,P
1211,EU27,A098,Falco columbarius,B,heathlandShrub,3090,P
1212,EU27,A098,Falco columbarius,W,heathlandShrub,3090,P
1294,EU27,A098,Falco columbarius,W,wetlands,3090,P
272,EU27,A100,Falco eleonorae,B,sparselyVegetated,3110,P
273,EU27,A095,Falco naumanni,B,grassland,3030,P
912,EU27,A095,Falco naumanni,B,sparselyVegetated,3030,P
1213,EU27,A095,Falco naumanni,B,urban,3030,P
274,EU27,A512,Falco pelegrinoides,B,sparselyVegetated,3210,P
275,EU27,A710,Falco peregrinus,B,sparselyVegetated,3200,P
276,EU27,A709,Falco peregrinus,B,sparselyVegetated,3202,P
277,EU27,A708,Falco peregrinus,B,wetlands,3201,P
278,EU27,A708,Falco peregrinus,W,riversLakes,3201,P
913,EU27,A710,Falco peregrinus,B,wetlands,3200,P
914,EU27,A708,Falco peregrinus,B,sparselyVegetated,3201,P
915,EU27,A708,Falco peregrinus,W,wetlands,3201,P
1214,EU27,A708,Falco peregrinus,B,urban,3201,P
1215,EU27,A708,Falco peregrinus,W,sparselyVegetated,3201,P
279,EU27,A102,Falco rusticolus,B,heathlandShrub,3180,P
916,EU27,A102,Falco rusticolus,B,sparselyVegetated,3180,P
280,EU27,A099,Falco subbuteo,B,cropland,3100,P
917,EU27,A099,Falco subbuteo,B,woodlandForest,3100,P
1216,EU27,A099,Falco subbuteo,B,wetlands,3100,P
281,EU27,A096,Falco tinnunculus,B,cropland,3040,P
918,EU27,A096,Falco tinnunculus,B,grassland,3040,P
282,EU27,A097,Falco vespertinus,B,cropland,3070,P
919,EU27,A097,Falco vespertinus,B,woodlandForest,3070,P
1217,EU27,A097,Falco vespertinus,B,grassland,3070,P
283,EU27,A321,Ficedula albicollis,B,urban,13480,P
920,EU27,A321,Ficedula albicollis,B,woodlandForest,13480,P
284,EU27,A322,Ficedula hypoleuca,B,urban,13490,P
921,EU27,A322,Ficedula hypoleuca,B,woodlandForest,13490,P
285,EU27,A320,Ficedula parva,B,woodlandForest,13430,P
286,EU27,A442,Ficedula semitorquata,B,woodlandForest,13470,P
287,EU27,A754-X,Francolinus erckelii,B,heathlandShrub,,P
288,EU27,A716,Francolinus francolinus,B,heathlandShrub,3640,P
289,EU27,A204,Fratercula arctica,B,sparselyVegetated,6540,P
290,EU27,A657,Fringilla coelebs,B,cropland,16360,P
291,EU27,A657,Fringilla coelebs,W,cropland,16360,P
292,EU27,A448,Fringilla coelebs,B,woodlandForest,16363,P
922,EU27,A657,Fringilla coelebs,B,woodlandForest,16360,P
923,EU27,A657,Fringilla coelebs,W,woodlandForest,16360,P
1218,EU27,A657,Fringilla coelebs,B,grassland,16360,P
1219,EU27,A657,Fringilla coelebs,W,grassland,16360,P
293,EU27,A360,Fringilla montifringilla,B,woodlandForest,16380,P
294,EU27,A360,Fringilla montifringilla,W,cropland,16380,P
924,EU27,A360,Fringilla montifringilla,W,woodlandForest,16380,P
295,EU27,A643,Fringilla teydea,B,woodlandForest,16372,P
296,EU27,A636,Fringilla teydea,B,woodlandForest,16371,P
297,EU27,A723,Fulica atra,B,riversLakes,4290,P
298,EU27,A723,Fulica atra,W,coastal,4290,P
925,EU27,A723,Fulica atra atra,B,wetlands,4290,P
926,EU27,A723,Fulica atra atra,W,marineInlets,4290,P
299,EU27,A126,Fulica cristata,B,riversLakes,4310,P
300,EU27,A126,Fulica cristata,W,riversLakes,4310,P
927,EU27,A126,Fulica cristata,B,wetlands,4310,P
928,EU27,A126,Fulica cristata,W,wetlands,4310,P
301,EU27,A009,Fulmarus glacialis,B,sparselyVegetated,220,P
302,EU27,A009,Fulmarus glacialis,W,ocean,220,P
303,EU27,A244,Galerida cristata,B,cropland,9720,P
929,EU27,A244,Galerida cristata,B,urban,9720,P
304,EU27,A245,Galerida theklae,B,grassland,9730,P
305,EU27,A245,Galerida theklae,W,grassland,9730,P
930,EU27,A245,Galerida theklae,B,sparselyVegetated,9730,P
931,EU27,A245,Galerida theklae,W,sparselyVegetated,9730,P
1220,EU27,A245,Galerida theklae,B,heathlandShrub,9730,P
1221,EU27,A245,Galerida theklae,W,heathlandShrub,9730,P
306,EU27,A153,Gallinago gallinago,B,riversLakes,5190,P
307,EU27,A153,Gallinago gallinago,W,riversLakes,5190,P
932,EU27,A153,Gallinago gallinago,B,wetlands,5190,P
933,EU27,A153,Gallinago gallinago,W,wetlands,5190,P
308,EU27,A154-A,Gallinago media,B,wetlands,5200,P
309,EU27,A154-B,Gallinago media,B,wetlands,5200,P
310,EU27,A721,Gallinula chloropus,B,riversLakes,4240,P
311,EU27,A721,Gallinula chloropus,W,riversLakes,4240,P
934,EU27,A721,Gallinula chloropus,B,wetlands,4240,P
935,EU27,A721,Gallinula chloropus,W,wetlands,4240,P
312,EU27,A342,Garrulus glandarius,B,woodlandForest,15390,P
313,EU27,A502,Gavia adamsii,W,riversLakes,50,P
314,EU27,A689,Gavia arctica,B,riversLakes,30,P
315,EU27,A689,Gavia arctica,W,coastal,30,P
936,EU27,A689,Gavia arctica arctica,W,shelf,30,P
316,EU27,A003,Gavia immer,W,shelf,40,P
317,EU27,A001-A,Gavia stellata,B,riversLakes,20,P
318,EU27,A001-A,Gavia stellata,W,coastal,20,P
319,EU27,A001-B,Gavia stellata,W,coastal,20,P
937,EU27,A001-A,Gavia stellata,B,wetlands,20,P
938,EU27,A001-A,Gavia stellata,W,shelf,20,P
939,EU27,A001-B,Gavia stellata,W,shelf,20,P
320,EU27,A515,Glareola nordmanni,B,grassland,4670,P
940,EU27,A515,Glareola nordmanni,B,wetlands,4670,P
321,EU27,A625-A,Glareola pratincola,B,grassland,4650,P
322,EU27,A625-B,Glareola pratincola,B,grassland,4650,P
941,EU27,A625-A,Glareola pratincola,B,wetlands,4650,P
942,EU27,A625-B,Glareola pratincola,B,riversLakes,4650,P
1222,EU27,A625-B,Glareola pratincola,B,wetlands,4650,P
323,EU27,A217,Glaucidium passerinum,B,woodlandForest,7510,P
324,EU27,A639-A,Grus grus,B,riversLakes,4330,P
325,EU27,A639-B,Grus grus,B,riversLakes,4330,P
326,EU27,A639-B,Grus grus,W,cropland,4330,P
943,EU27,A639-A,Grus grus grus,B,wetlands,4330,P
944,EU27,A639-B,Grus grus grus,B,wetlands,4330,P
327,EU27,A076,Gypaetus barbatus,B,sparselyVegetated,2460,P
328,EU27,A078,Gyps fulvus,B,sparselyVegetated,2510,P
329,EU27,A130,Haematopus ostralegus,B,riversLakes,4500,P
330,EU27,A130,Haematopus ostralegus,W,marineInlets,4500,P
945,EU27,A130,Haematopus ostralegus,B,sparselyVegetated,4500,P
331,EU27,A075,Haliaeetus albicilla,B,riversLakes,2430,P
332,EU27,A075,Haliaeetus albicilla,W,riversLakes,2430,P
1223,EU27,A075,Haliaeetus albicilla,B,wetlands,2430,P
1295,EU27,A075,Haliaeetus albicilla,B,woodlandForest,2430,P
333,EU27,A092,Hieraaetus pennatus,B,sparselyVegetated,2980,P
334,EU27,A092,Hieraaetus pennatus,W,sparselyVegetated,2980,P
947,EU27,A092,Hieraaetus pennatus,B,woodlandForest,2980,P
948,EU27,A092,Hieraaetus pennatus,W,woodlandForest,2980,P
335,EU27,A131,Himantopus himantopus,B,riversLakes,4550,P
336,EU27,A131,Himantopus himantopus,W,riversLakes,4550,P
949,EU27,A131,Himantopus himantopus,B,wetlands,4550,P
950,EU27,A131,Himantopus himantopus,W,wetlands,4550,P
1224,EU27,A131,Himantopus himantopus,B,sparselyVegetated,4550,P
1225,EU27,A131,Himantopus himantopus,W,sparselyVegetated,4550,P
337,EU27,A741,Hippolais caligata,B,cropland,12560,P
1226,EU27,A741,Hippolais caligata,B,woodlandForest,12560,P
338,EU27,A299,Hippolais icterina,B,woodlandForest,12590,P
339,EU27,A439,Hippolais olivetorum,B,cropland,12580,P
951,EU27,A439,Hippolais olivetorum,B,woodlandForest,12580,P
340,EU27,A740,Hippolais pallida,B,woodlandForest,12550,P
952,EU27,A740,Hippolais pallida,B,heathlandShrub,12550,P
1227,EU27,A740,Hippolais pallida,B,riversLakes,12550,P
341,EU27,A300,Hippolais polyglotta,B,heathlandShrub,12600,P
953,EU27,A300,Hippolais polyglotta,B,woodlandForest,12600,P
342,EU27,A252,Hirundo daurica,B,sparselyVegetated,9950,P
954,EU27,A252,Hirundo daurica,B,urban,9950,P
343,EU27,A737,Hirundo rupestris,B,sparselyVegetated,9910,P
344,EU27,A737,Hirundo rupestris,W,sparselyVegetated,9910,P
345,EU27,A251,Hirundo rustica,B,urban,9920,P
955,EU27,A251,Hirundo rustica,B,cropland,9920,P
346,EU27,A695,Hydrobates pelagicus,B,sparselyVegetated,522,P
347,EU27,A694,Hydrobates pelagicus,B,sparselyVegetated,521,P
348,EU27,A617-A,Ixobrychus minutus,B,riversLakes,980,P
349,EU27,A617-B,Ixobrychus minutus,B,riversLakes,980,P
956,EU27,A617-A,Ixobrychus minutus,B,wetlands,980,P
957,EU27,A617-B,Ixobrychus minutus,B,wetlands,980,P
350,EU27,A233,Jynx torquilla,B,cropland,8480,P
958,EU27,A233,Jynx torquilla,B,woodlandForest,8480,P
351,EU27,A463,Lagopus lagopus,B,heathlandShrub,3292,P
352,EU27,A461,Lagopus lagopus,B,woodlandForest,3291,P
353,EU27,A629,Lagopus lagopus,B,heathlandShrub,3290,P
354,EU27,A711,Lagopus lagopus,B,heathlandShrub,3292,P
959,EU27,A461,Lagopus lagopus,B,heathlandShrub,3291,P
1228,EU27,A461,Lagopus lagopus,B,wetlands,3291,P
960,EU27,A629,Lagopus lagopus,B,woodlandForest,3290,P
355,EU27,A713,Lagopus muta,B,sparselyVegetated,3330,P
356,EU27,A714,Lagopus muta,B,sparselyVegetated,3330,P
357,EU27,A715,Lagopus muta,B,heathlandShrub,3330,P
358,EU27,A712,Lagopus muta,B,heathlandShrub,3330,P
961,EU27,A715,Lagopus muta,B,sparselyVegetated,3330,P
962,EU27,A712,Lagopus muta,B,sparselyVegetated,3330,P
359,EU27,A338,Lanius collurio,B,cropland,15150,P
963,EU27,A338,Lanius collurio,B,woodlandForest,15150,P
1229,EU27,A338,Lanius collurio,B,heathlandShrub,15150,P
360,EU27,A653,Lanius excubitor,B,heathlandShrub,15201,P
361,EU27,A653,Lanius excubitor,W,grassland,15201,P
362,EU27,A655,Lanius excubitor,B,heathlandShrub,15203,P
363,EU27,A655,Lanius excubitor,W,heathlandShrub,15203,P
964,EU27,A653,Lanius excubitor,B,sparselyVegetated,15201,P
965,EU27,A653,Lanius excubitor,W,sparselyVegetated,15201,P
1231,EU27,A653,Lanius excubitor,W,heathlandShrub,15201,P
1296,EU27,A653,Lanius excubitor,B,woodlandForest,15201,P
364,EU27,A339,Lanius minor,B,cropland,15190,P
365,EU27,A433,Lanius nubicus,B,cropland,15240,P
366,EU27,A341,Lanius senator,B,grassland,15230,P
966,EU27,A341,Lanius senator,B,heathlandShrub,15230,P
1311,EU27,A341,Lanius senator,B,cropland,15230,P
367,EU27,A184,Larus argentatus,B,riversLakes,5920,P
368,EU27,A184,Larus argentatus,W,coastal,5920,P
967,EU27,A184,Larus argentatus,B,sparselyVegetated,5920,P
369,EU27,A181,Larus audouinii,B,sparselyVegetated,5880,P
370,EU27,A181,Larus audouinii,W,coastal,5880,P
371,EU27,A459,Larus cachinnans,B,riversLakes,5927,P
372,EU27,A459,Larus cachinnans,W,coastal,5927,P
373,EU27,A182,Larus canus,B,riversLakes,5900,P
374,EU27,A182,Larus canus,W,coastal,5900,P
968,EU27,A182,Larus canus,B,wetlands,5900,P
1232,EU27,A182,Larus canus,B,sparselyVegetated,5900,P
375,EU27,A640,Larus fuscus,B,riversLakes,5911,P
376,EU27,A640,Larus fuscus,W,coastal,5911,P
377,EU27,A664,Larus fuscus,B,sparselyVegetated,5912,P
378,EU27,A664,Larus fuscus,W,coastal,5912,P
379,EU27,A641,Larus fuscus,B,sparselyVegetated,5913,P
380,EU27,A641,Larus fuscus,W,coastal,5913,P
969,EU27,A640,Larus fuscus,B,sparselyVegetated,5911,P
970,EU27,A664,Larus fuscus,W,marineInlets,5912,P
381,EU27,A180,Larus genei,B,riversLakes,5850,P
382,EU27,A180,Larus genei,W,coastal,5850,P
971,EU27,A180,Larus genei,B,sparselyVegetated,5850,P
383,EU27,A187,Larus marinus,B,sparselyVegetated,6000,P
384,EU27,A187,Larus marinus,W,coastal,6000,P
385,EU27,A176,Larus melanocephalus,B,riversLakes,5750,P
386,EU27,A176,Larus melanocephalus,W,coastal,5750,P
972,EU27,A176,Larus melanocephalus,B,wetlands,5750,P
973,EU27,A176,Larus melanocephalus,W,marineInlets,5750,P
1233,EU27,A176,Larus melanocephalus,B,sparselyVegetated,5750,P
387,EU27,A604,Larus michahellis,B,riversLakes,5926,P
388,EU27,A604,Larus michahellis,W,coastal,5926,P
974,EU27,A604,Larus michahellis,B,sparselyVegetated,5926,P
975,EU27,A604,Larus michahellis,W,marineInlets,5926,P
389,EU27,A177,Larus minutus,B,riversLakes,5780,P
390,EU27,A177,Larus minutus,W,coastal,5780,P
976,EU27,A177,Larus minutus,B,sparselyVegetated,5780,P
977,EU27,A177,Larus minutus,W,shelf,5780,P
1234,EU27,A177,Larus minutus,W,ocean,5780,P
391,EU27,A179,Larus ridibundus,B,riversLakes,5820,P
392,EU27,A179,Larus ridibundus,W,coastal,5820,P
978,EU27,A179,Larus ridibundus,B,sparselyVegetated,5820,P
979,EU27,A179,Larus ridibundus,W,marineInlets,5820,P
1235,EU27,A179,Larus ridibundus,B,wetlands,5820,P
393,EU27,A762-X,Leiothrix lutea,B,urban,,P
394,EU27,A150,Limicola falcinellus,B,wetlands,5140,P
395,EU27,A157,Limosa lapponica,B,heathlandShrub,5340,P
396,EU27,A157,Limosa lapponica,W,marineInlets,5340,P
980,EU27,A157,Limosa lapponica,B,wetlands,5340,P
981,EU27,A157,Limosa lapponica,W,sparselyVegetated,5340,P
1236,EU27,A157,Limosa lapponica,W,wetlands,5340,P
397,EU27,A616,Limosa limosa,W,coastal,5322,P
398,EU27,A616,Limosa limosa,B,coastal,5322,P
399,EU27,A614-A,Limosa limosa,B,grassland,5321,P
400,EU27,A614-A,Limosa limosa,W,marineInlets,5321,P
401,EU27,A614-B,Limosa limosa,B,riversLakes,5321,P
402,EU27,A614-B,Limosa limosa,W,marineInlets,5321,P
982,EU27,A616,Limosa limosa,W,sparselyVegetated,5322,P
983,EU27,A616,Limosa limosa,B,sparselyVegetated,5322,P
1237,EU27,A616,Limosa limosa,W,wetlands,5322,P
1238,EU27,A616,Limosa limosa,B,wetlands,5322,P
984,EU27,A614-A,Limosa limosa,B,riversLakes,5321,P
985,EU27,A614-B,Limosa limosa,B,wetlands,5321,P
986,EU27,A614-B,Limosa limosa,W,riversLakes,5321,P
1239,EU27,A614-A,Limosa limosa,B,wetlands,5321,P
403,EU27,A291,Locustella fluviatilis,B,riversLakes,12370,P
987,EU27,A291,Locustella fluviatilis,B,wetlands,12370,P
404,EU27,A292,Locustella luscinioides,B,riversLakes,12380,P
988,EU27,A292,Locustella luscinioides,B,wetlands,12380,P
405,EU27,A290,Locustella naevia,B,riversLakes,12360,P
989,EU27,A290,Locustella naevia,B,wetlands,12360,P
406,EU27,A369,Loxia curvirostra,B,woodlandForest,16660,P
407,EU27,A544,Loxia leucoptera,B,woodlandForest,16650,P
408,EU27,A370,Loxia pytyopsittacus,B,woodlandForest,16680,P
409,EU27,A451,Loxia scotica,B,woodlandForest,16670,P
410,EU27,A246,Lullula arborea,B,heathlandShrub,9740,P
990,EU27,A246,Lullula arborea,B,sparselyVegetated,9740,P
1240,EU27,A246,Lullula arborea,B,woodlandForest,9740,P
411,EU27,A270,Luscinia luscinia,B,riversLakes,11030,P
991,EU27,A270,Luscinia luscinia,B,wetlands,11030,P
1241,EU27,A270,Luscinia luscinia,B,woodlandForest,11030,P
412,EU27,A271,Luscinia megarhynchos,B,riversLakes,11040,P
992,EU27,A271,Luscinia megarhynchos,B,wetlands,11040,P
1242,EU27,A271,Luscinia megarhynchos,B,woodlandForest,11040,P
413,EU27,A612,Luscinia svecica,B,riversLakes,11062,P
414,EU27,A612,Luscinia svecica,W,riversLakes,11062,P
415,EU27,A611,Luscinia svecica,B,riversLakes,11063,P
416,EU27,A609,Luscinia svecica,B,heathlandShrub,11061,P
993,EU27,A612,Luscinia svecica,B,wetlands,11062,P
994,EU27,A612,Luscinia svecica,W,wetlands,11062,P
995,EU27,A609,Luscinia svecica,B,wetlands,11061,P
417,EU27,A152,Lymnocryptes minimus,B,wetlands,5180,P
418,EU27,A152,Lymnocryptes minimus,W,riversLakes,5180,P
996,EU27,A152,Lymnocryptes minimus,W,wetlands,5180,P
419,EU27,A057-A,Marmaronetta angustirostris,B,riversLakes,1950,P
420,EU27,A057-A,Marmaronetta angustirostris,W,riversLakes,1950,P
421,EU27,A685-A,Melanitta fusca,W,riversLakes,2151,P
422,EU27,A685-B,Melanitta fusca,B,riversLakes,2151,P
423,EU27,A685-B,Melanitta fusca,W,coastal,2151,P
997,EU27,A685-A,Melanitta fusca,W,shelf,2151,P
998,EU27,A685-B,Melanitta fusca,B,sparselyVegetated,2151,P
999,EU27,A685-B,Melanitta fusca,W,shelf,2151,P
1243,EU27,A685-B,Melanitta fusca,W,sparselyVegetated,2151,P
424,EU27,A706,Melanitta nigra,B,riversLakes,2130,P
425,EU27,A706,Melanitta nigra,W,coastal,2130,P
1000,EU27,A706,Melanitta nigra,W,shelf,2130,P
426,EU27,A843,Melanitta perspicillata,W,riversLakes,2140,P
427,EU27,A242,Melanocorypha calandra,B,cropland,9610,P
1001,EU27,A242,Melanocorypha calandra,B,heathlandShrub,9610,P
428,EU27,A460-X,Meleagris gallopavo,B,woodlandForest,3990,P
429,EU27,A767-A,Mergellus albellus,B,riversLakes,2200,P
430,EU27,A767-A,Mergellus albellus,W,coastal,2200,P
431,EU27,A767-B,Mergellus albellus,B,riversLakes,2200,P
432,EU27,A767-B,Mergellus albellus,W,coastal,2200,P
1002,EU27,A767-A,Mergellus albellus,W,riversLakes,2200,P
1003,EU27,A767-B,Mergellus albellus,W,riversLakes,2200,P
1244,EU27,A767-A,Mergellus albellus,W,marineInlets,2200,P
433,EU27,A654-A,Mergus merganser,B,riversLakes,2230,P
434,EU27,A654-A,Mergus merganser,W,coastal,2230,P
435,EU27,A654-B,Mergus merganser,B,riversLakes,2230,P
436,EU27,A654-B,Mergus merganser,W,coastal,2230,P
1004,EU27,A654-B,Mergus merganser,B,sparselyVegetated,2230,P
437,EU27,A069,Mergus serrator,B,riversLakes,2210,P
438,EU27,A069,Mergus serrator,W,coastal,2210,P
1005,EU27,A069,Mergus serrator,B,sparselyVegetated,2210,P
1006,EU27,A069,Mergus serrator,W,riversLakes,2210,P
1007,EU27,A230,Merops apiaster,B,riversLakes,8400,P
1245,EU27,A230,Merops apiaster,B,heathlandShrub,8400,P
439,EU27,A746,Miliaria calandra,B,cropland,18820,P
1008,EU27,A746,Miliaria calandra,B,heathlandShrub,18820,P
1246,EU27,A746,Miliaria calandra,B,grassland,18820,P
440,EU27,A073,Milvus migrans,B,woodlandForest,2380,P
1009,EU27,A073,Milvus migrans,B,riversLakes,2380,P
441,EU27,A074,Milvus milvus,B,riversLakes,2390,P
442,EU27,A074,Milvus milvus,W,riversLakes,2390,P
1010,EU27,A074,Milvus milvus,B,woodlandForest,2390,P
1011,EU27,A074,Milvus milvus,W,woodlandForest,2390,P
443,EU27,A280,Monticola saxatilis,B,heathlandShrub,11620,P
1012,EU27,A280,Monticola saxatilis,B,sparselyVegetated,11620,P
444,EU27,A281,Monticola solitarius,B,sparselyVegetated,11660,P
445,EU27,A358,Montifringilla nivalis,B,sparselyVegetated,16110,P
446,EU27,A016,Morus bassanus,B,sparselyVegetated,710,P
447,EU27,A016,Morus bassanus,W,coastal,710,P
1013,EU27,A016,Morus bassanus,W,shelf,710,P
1247,EU27,A016,Morus bassanus,W,ocean,710,P
448,EU27,A262,Motacilla alba,B,riversLakes,10200,P
449,EU27,A262,Motacilla alba,W,riversLakes,10200,P
1014,EU27,A262,Motacilla alba,B,urban,10200,P
1015,EU27,A262,Motacilla alba,W,urban,10200,P
450,EU27,A261,Motacilla cinerea,B,riversLakes,10190,P
451,EU27,A261,Motacilla cinerea,W,riversLakes,10190,P
452,EU27,A608,Motacilla citreola,B,wetlands,10180,P
453,EU27,A260,Motacilla flava,B,grassland,10170,P
1248,EU27,A260,Motacilla flava,B,wetlands,10170,P
1297,EU27,A260,Motacilla flava,B,riversLakes,10170,P
454,EU27,A319,Muscicapa striata,B,urban,13350,P
1017,EU27,A319,Muscicapa striata,B,woodlandForest,13350,P
455,EU27,A761-X,Myiopsitta monachus,B,urban,,P
456,EU27,A077,Neophron percnopterus,B,sparselyVegetated,2470,P
457,EU27,A058-A,Netta rufina,B,riversLakes,1960,P
458,EU27,A058-B,Netta rufina,B,riversLakes,1960,P
459,EU27,A058-B,Netta rufina,W,riversLakes,1960,P
460,EU27,A058-X,Netta rufina,B,riversLakes,,P
461,EU27,A058-A,Netta rufina,W,riversLakes,1960,P
1018,EU27,A058-A,Netta rufina,B,wetlands,1960,P
1019,EU27,A058-B,Netta rufina,B,wetlands,1960,P
1020,EU27,A058-X,Netta rufina,B,wetlands,,P
1021,EU27,A058-A,Netta rufina,W,wetlands,1960,P
462,EU27,A344,Nucifraga caryocatactes,B,woodlandForest,15570,P
463,EU27,A768,Numenius arquata,B,cropland,5410,P
464,EU27,A768,Numenius arquata,W,marineInlets,5410,P
465,EU27,A730,Numenius arquata,W,marineInlets,5410,P
1022,EU27,A768,Numenius arquata,B,wetlands,5410,P
1023,EU27,A768,Numenius arquata,W,wetlands,5410,P
1249,EU27,A768,Numenius arquata,B,grassland,5410,P
466,EU27,A158,Numenius phaeopus,B,heathlandShrub,5380,P
467,EU27,A158,Numenius phaeopus,W,marineInlets,5380,P
1025,EU27,A158,Numenius phaeopus,W,wetlands,5380,P
1250,EU27,A158,Numenius phaeopus,B,wetlands,5380,P
1298,EU27,A158,Numenius phaeopus,B,woodlandForest,5380,P
468,EU27,A159,Numenius tenuirostris,W,marineInlets,5400,P
1026,EU27,A159,Numenius tenuirostris,W,wetlands,5400,P
469,EU27,A757-X,Numida meleagris,B,heathlandShrub,,P
1312,EU27,A757-X,Numida meleagris,B,cropland,,P
470,EU27,A610-A,Nycticorax nycticorax,B,woodlandForest,1040,P
471,EU27,A610-B,Nycticorax nycticorax,B,riversLakes,1040,P
1027,EU27,A610-A,Nycticorax nycticorax,B,wetlands,1040,P
1028,EU27,A610-B,Nycticorax nycticorax,B,wetlands,1040,P
1251,EU27,A610-A,Nycticorax nycticorax,B,riversLakes,1040,P
472,EU27,A390,Oceanodroma castro,B,sparselyVegetated,580,P
473,EU27,A015,Oceanodroma leucorhoa,B,sparselyVegetated,550,P
474,EU27,A630,Oceanodroma monteiroi,B,sparselyVegetated,580,P
475,EU27,A467,Oenanthe cypriaca,B,heathlandShrub,11470,P
1029,EU27,A467,Oenanthe cypriaca,B,sparselyVegetated,11470,P
476,EU27,A278,Oenanthe hispanica,B,heathlandShrub,11480,P
1030,EU27,A278,Oenanthe hispanica,B,sparselyVegetated,11480,P
477,EU27,A435,Oenanthe isabellina,B,heathlandShrub,11440,P
1031,EU27,A435,Oenanthe isabellina,B,sparselyVegetated,11440,P
478,EU27,A279,Oenanthe leucura,B,sparselyVegetated,11580,P
479,EU27,A277,Oenanthe oenanthe,B,cropland,11460,P
1032,EU27,A277,Oenanthe oenanthe,B,sparselyVegetated,11460,P
1252,EU27,A277,Oenanthe oenanthe,B,heathlandShrub,11460,P
480,EU27,A533,Oenanthe pleschanka,B,wetlands,11470,P
481,EU27,A337,Oriolus oriolus,B,woodlandForest,15080,P
482,EU27,A129,Otis tarda,B,cropland,4460,P
483,EU27,A129,Otis tarda,W,cropland,4460,P
1033,EU27,A129,Otis tarda,B,grassland,4460,P
1034,EU27,A129,Otis tarda,W,grassland,4460,P
484,EU27,A214,Otus scops,B,cropland,7390,P
1035,EU27,A214,Otus scops,B,woodlandForest,7390,P
1253,EU27,A214,Otus scops,B,grassland,7390,P
485,EU27,A750-X,Oxyura jamaicensis,B,riversLakes,,P
486,EU27,A071-A,Oxyura leucocephala,B,riversLakes,2260,P
487,EU27,A071-B,Oxyura leucocephala,W,riversLakes,2260,P
488,EU27,A071-A,Oxyura leucocephala,W,riversLakes,2260,P
489,EU27,A094,Pandion haliaetus,B,riversLakes,3010,P
490,EU27,A094,Pandion haliaetus,W,riversLakes,3010,P
1036,EU27,A094,Pandion haliaetus,B,woodlandForest,3010,P
1037,EU27,A094,Pandion haliaetus,W,woodlandForest,3010,P
491,EU27,A323,Panurus biarmicus,B,riversLakes,13640,P
1038,EU27,A323,Panurus biarmicus,B,wetlands,13640,P
492,EU27,A656,Parus ater,B,woodlandForest,14610,P
493,EU27,A470,Parus ater,B,woodlandForest,14610,P
494,EU27,A329,Parus caeruleus,B,urban,14620,P
1039,EU27,A329,Parus caeruleus,B,woodlandForest,14620,P
495,EU27,A537,Parus cinctus,B,woodlandForest,14480,P
496,EU27,A327,Parus cristatus,B,woodlandForest,14540,P
497,EU27,A443,Parus lugubris,B,woodlandForest,14410,P
498,EU27,A330,Parus major,B,urban,14640,P
1040,EU27,A330,Parus major,B,woodlandForest,14640,P
499,EU27,A326,Parus montanus,B,woodlandForest,14420,P
500,EU27,A325,Parus palustris,B,woodlandForest,14400,P
501,EU27,A620,Passer domesticus,B,cropland,15911,P
1041,EU27,A620,Passer domesticus,B,urban,15911,P
502,EU27,A771,Passer hispaniolensis,B,cropland,15920,P
503,EU27,A744,Passer hispaniolensis,B,cropland,15912,P
1042,EU27,A771,Passer hispaniolensis,B,grassland,15920,P
1254,EU27,A771,Passer hispaniolensis,B,urban,15920,P
1043,EU27,A744,Passer hispaniolensis,B,urban,15912,P
504,EU27,A356,Passer montanus,B,cropland,15980,P
1044,EU27,A356,Passer montanus,B,urban,15980,P
505,EU27,A756-X,Pavo cristatus,B,woodlandForest,,P
506,EU27,A389,Pelagodroma marina,B,sparselyVegetated,510,P
507,EU27,A020,Pelecanus crispus,B,riversLakes,890,P
508,EU27,A020,Pelecanus crispus,W,riversLakes,890,P
1045,EU27,A020,Pelecanus crispus,B,wetlands,890,P
509,EU27,A019,Pelecanus onocrotalus,B,riversLakes,880,P
510,EU27,A019,Pelecanus onocrotalus,W,riversLakes,880,P
1046,EU27,A019,Pelecanus onocrotalus,B,wetlands,880,P
1047,EU27,A019,Pelecanus onocrotalus,W,wetlands,880,P
511,EU27,A644,Perdix perdix,B,cropland,3670,P
512,EU27,A415,Perdix perdix,B,heathlandShrub,3670,P
513,EU27,A414,Perdix perdix,B,grassland,3670,P
1048,EU27,A644,Perdix perdix,B,grassland,3670,P
1049,EU27,A415,Perdix perdix,B,sparselyVegetated,3670,P
1313,EU27,A415,Perdix perdix,B,cropland,3670,P
514,EU27,A548,Perisoreus infaustus,B,woodlandForest,15430,P
515,EU27,A072,Pernis apivorus,B,woodlandForest,2310,P
516,EU27,A357,Petronia petronia,B,sparselyVegetated,16040,P
517,EU27,A684,Phalacrocorax aristotelis,B,sparselyVegetated,801,P
518,EU27,A684,Phalacrocorax aristotelis,W,coastal,801,P
519,EU27,A392,Phalacrocorax aristotelis,B,riversLakes,802,P
520,EU27,A392,Phalacrocorax aristotelis,W,coastal,802,P
1050,EU27,A684,Phalacrocorax aristotelis,W,marineInlets,801,P
1051,EU27,A392,Phalacrocorax aristotelis,B,sparselyVegetated,802,P
1052,EU27,A392,Phalacrocorax aristotelis,W,marineInlets,802,P
521,EU27,A683,Phalacrocorax carbo,W,coastal,721,P
522,EU27,A683,Phalacrocorax carbo,B,coastal,721,P
523,EU27,A391,Phalacrocorax carbo,B,riversLakes,722,P
524,EU27,A391,Phalacrocorax carbo,W,coastal,722,P
1053,EU27,A683,Phalacrocorax carbo,W,riversLakes,721,P
1054,EU27,A683,Phalacrocorax carbo,B,riversLakes,721,P
1055,EU27,A391,Phalacrocorax carbo,B,sparselyVegetated,722,P
1056,EU27,A391,Phalacrocorax carbo,W,marineInlets,722,P
1255,EU27,A391,Phalacrocorax carbo,B,wetlands,722,P
525,EU27,A393,Phalacrocorax pygmeus,B,riversLakes,820,P
526,EU27,A393,Phalacrocorax pygmeus,W,marineInlets,820,P
1057,EU27,A393,Phalacrocorax pygmeus,B,wetlands,820,P
527,EU27,A170,Phalaropus lobatus,B,riversLakes,5640,P
1058,EU27,A170,Phalaropus lobatus,B,wetlands,5640,P
528,EU27,A115-X,Phasianus colchicus,B,cropland,3940,P
1059,EU27,A115-X,Phasianus colchicus,B,grassland,3940,P
1256,EU27,A115-X,Phasianus colchicus,B,heathlandShrub,3940,P
529,EU27,A151,Philomachus pugnax,B,grassland,5170,P
530,EU27,A151,Philomachus pugnax,W,sparselyVegetated,5170,P
1060,EU27,A151,Philomachus pugnax,B,wetlands,5170,P
1061,EU27,A151,Philomachus pugnax,W,wetlands,5170,P
531,EU27,A663-A,Phoenicopterus roseus,B,riversLakes,1472,P
532,EU27,A663-A,Phoenicopterus roseus,W,marineInlets,1472,P
533,EU27,A663-B,Phoenicopterus roseus,W,marineInlets,1472,P
534,EU27,A273,Phoenicurus ochruros,B,urban,11210,P
535,EU27,A273,Phoenicurus ochruros,W,urban,11210,P
1062,EU27,A273,Phoenicurus ochruros,B,sparselyVegetated,11210,P
1063,EU27,A273,Phoenicurus ochruros,W,sparselyVegetated,11210,P
1257,EU27,A273,Phoenicurus ochruros,B,heathlandShrub,11210,P
1258,EU27,A273,Phoenicurus ochruros,W,heathlandShrub,11210,P
536,EU27,A274,Phoenicurus phoenicurus,B,woodlandForest,11220,P
537,EU27,A313,Phylloscopus bonelli,B,woodlandForest,13070,P
538,EU27,A605,Phylloscopus borealis,B,woodlandForest,12950,P
539,EU27,A613,Phylloscopus canariensis,B,woodlandForest,13117,P
540,EU27,A315,Phylloscopus collybita,B,heathlandShrub,13110,P
541,EU27,A315,Phylloscopus collybita,W,heathlandShrub,13110,P
1064,EU27,A315,Phylloscopus collybita,B,woodlandForest,13110,P
1065,EU27,A315,Phylloscopus collybita,W,woodlandForest,13110,P
542,EU27,A618,Phylloscopus ibericus,B,woodlandForest,13115,P
543,EU27,A314,Phylloscopus sibilatrix,B,woodlandForest,13080,P
544,EU27,A312,Phylloscopus trochiloides,B,woodlandForest,12930,P
545,EU27,A316,Phylloscopus trochilus,B,heathlandShrub,13120,P
1066,EU27,A316,Phylloscopus trochilus,B,woodlandForest,13120,P
546,EU27,A343,Pica pica,B,urban,15490,P
547,EU27,A241,Picoides tridactylus,B,woodlandForest,8980,P
548,EU27,A234,Picus canus,B,woodlandForest,8550,P
549,EU27,A235,Picus viridis,B,grassland,8560,P
1067,EU27,A235,Picus viridis,B,woodlandForest,8560,P
550,EU27,A545,Pinicola enucleator,B,woodlandForest,16990,P
551,EU27,A607-A,Platalea leucorodia,B,riversLakes,1440,P
552,EU27,A607-B,Platalea leucorodia,B,riversLakes,1440,P
553,EU27,A607-A,Platalea leucorodia,W,riversLakes,1440,P
554,EU27,A607-B,Platalea leucorodia,W,riversLakes,1440,P
1068,EU27,A607-A,Platalea leucorodia,B,wetlands,1440,P
1069,EU27,A607-B,Platalea leucorodia,B,wetlands,1440,P
1070,EU27,A607-A,Platalea leucorodia,W,wetlands,1440,P
1071,EU27,A607-B,Platalea leucorodia,W,wetlands,1440,P
555,EU27,A375,Plectrophenax nivalis,B,sparselyVegetated,18500,P
556,EU27,A700,Plegadis falcinellus,B,riversLakes,1360,P
1072,EU27,A700,Plegadis falcinellus,B,wetlands,1360,P
557,EU27,A140,Pluvialis apricaria,B,heathlandShrub,4851,P
558,EU27,A140,Pluvialis apricaria,W,cropland,4851,P
1073,EU27,A140,Pluvialis apricaria,B,wetlands,4851,P
1074,EU27,A140,Pluvialis apricaria,W,grassland,4851,P
1259,EU27,A140,Pluvialis apricaria,W,wetlands,4851,P
559,EU27,A141,Pluvialis squatarola,W,sparselyVegetated,4860,P
560,EU27,A642-A,Podiceps auritus,B,riversLakes,110,P
561,EU27,A642-A,Podiceps auritus,W,coastal,110,P
562,EU27,A642-B,Podiceps auritus,W,marineInlets,110,P
563,EU27,A642-B,Podiceps auritus,B,marineInlets,110,P
1075,EU27,A642-A,Podiceps auritus,B,wetlands,110,P
1076,EU27,A642-B,Podiceps auritus,W,riversLakes,110,P
1077,EU27,A642-B,Podiceps auritus,B,riversLakes,110,P
1260,EU27,A642-B,Podiceps auritus,W,coastal,110,P
1261,EU27,A642-B,Podiceps auritus,B,coastal,110,P
564,EU27,A691,Podiceps cristatus,B,riversLakes,90,P
565,EU27,A691,Podiceps cristatus,W,coastal,90,P
1078,EU27,A691,Podiceps cristatus,B,wetlands,90,P
1079,EU27,A691,Podiceps cristatus,W,marineInlets,90,P
566,EU27,A665-A,Podiceps grisegena,B,riversLakes,100,P
567,EU27,A665-A,Podiceps grisegena,W,coastal,100,P
568,EU27,A665-B,Podiceps grisegena,B,riversLakes,100,P
569,EU27,A665-B,Podiceps grisegena,W,coastal,100,P
1080,EU27,A665-A,Podiceps grisegena,B,wetlands,100,P
1081,EU27,A665-B,Podiceps grisegena,B,wetlands,100,P
1082,EU27,A665-B,Podiceps grisegena,W,marineInlets,100,P
570,EU27,A692,Podiceps nigricollis,B,riversLakes,120,P
571,EU27,A692,Podiceps nigricollis,W,coastal,120,P
1083,EU27,A692,Podiceps nigricollis,B,wetlands,120,P
1084,EU27,A692,Podiceps nigricollis,W,marineInlets,120,P
572,EU27,A506,Polysticta stelleri,W,coastal,2090,P
573,EU27,A759-X,Porphyrio porphyrio,B,wetlands,,P
574,EU27,A722,Porphyrio porphyrio,B,riversLakes,4270,P
1085,EU27,A722,Porphyrio porphyrio,B,wetlands,4270,P
575,EU27,A719,Porzana parva,B,riversLakes,4100,P
1086,EU27,A719,Porzana parva,B,wetlands,4100,P
576,EU27,A119,Porzana porzana,B,riversLakes,4080,P
1087,EU27,A119,Porzana porzana,B,wetlands,4080,P
577,EU27,A720,Porzana pusilla,B,riversLakes,4110,P
1088,EU27,A720,Porzana pusilla,B,wetlands,4110,P
578,EU27,A267,Prunella collaris,B,sparselyVegetated,10940,P
579,EU27,A267,Prunella collaris,W,sparselyVegetated,10940,P
580,EU27,A266,Prunella modularis,B,woodlandForest,10840,P
581,EU27,A266,Prunella modularis,W,woodlandForest,10840,P
1089,EU27,A266,Prunella modularis,B,urban,10840,P
1090,EU27,A266,Prunella modularis,W,urban,10840,P
1262,EU27,A266,Prunella modularis,B,heathlandShrub,10840,P
1263,EU27,A266,Prunella modularis,W,heathlandShrub,10840,P
582,EU27,A760-X,Psittacula krameri,B,urban,,P
583,EU27,A205,Pterocles alchata,B,grassland,6620,P
1091,EU27,A205,Pterocles alchata,B,sparselyVegetated,6620,P
584,EU27,A420,Pterocles orientalis,B,grassland,6610,P
1092,EU27,A420,Pterocles orientalis,B,sparselyVegetated,6610,P
585,EU27,A386,Pterodroma feae,B,sparselyVegetated,262,P
586,EU27,A385,Pterodroma madeira,B,sparselyVegetated,263,P
587,EU27,A504,Puffinus assimilis,B,sparselyVegetated,482,P
588,EU27,A693,Puffinus mauretanicus,B,sparselyVegetated,463,P
589,EU27,A693,Puffinus mauretanicus,W,ocean,463,P
1093,EU27,A693,Puffinus mauretanicus,W,shelf,463,P
590,EU27,A013,Puffinus puffinus,B,sparselyVegetated,460,P
591,EU27,A464,Puffinus yelkouan,B,sparselyVegetated,462,P
592,EU27,A345,Pyrrhocorax graculus,B,sparselyVegetated,15580,P
593,EU27,A346,Pyrrhocorax pyrrhocorax,B,sparselyVegetated,15590,P
594,EU27,A346,Pyrrhocorax pyrrhocorax,W,sparselyVegetated,15590,P
595,EU27,A453,Pyrrhula murina,B,woodlandForest,17105,P
596,EU27,A372,Pyrrhula pyrrhula,B,woodlandForest,17100,P
597,EU27,A718,Rallus aquaticus,B,riversLakes,4070,P
598,EU27,A718,Rallus aquaticus,W,riversLakes,4070,P
1094,EU27,A718,Rallus aquaticus,B,wetlands,4070,P
1095,EU27,A718,Rallus aquaticus,W,wetlands,4070,P
599,EU27,A132-A,Recurvirostra avosetta,B,riversLakes,4560,P
600,EU27,A132-A,Recurvirostra avosetta,W,marineInlets,4560,P
601,EU27,A132-B,Recurvirostra avosetta,B,riversLakes,4560,P
602,EU27,A132-B,Recurvirostra avosetta,W,marineInlets,4560,P
1096,EU27,A132-A,Recurvirostra avosetta,B,wetlands,4560,P
1097,EU27,A132-B,Recurvirostra avosetta,B,wetlands,4560,P
1264,EU27,A132-A,Recurvirostra avosetta,B,sparselyVegetated,4560,P
1265,EU27,A132-B,Recurvirostra avosetta,B,sparselyVegetated,4560,P
603,EU27,A318,Regulus ignicapillus,B,woodlandForest,13150,P
604,EU27,A318,Regulus ignicapillus,W,woodlandForest,13150,P
605,EU27,A652,Regulus madeirensis,B,woodlandForest,13153,P
606,EU27,A317,Regulus regulus,B,woodlandForest,13140,P
607,EU27,A336,Remiz pendulinus,B,riversLakes,14900,P
1098,EU27,A336,Remiz pendulinus,B,wetlands,14900,P
608,EU27,A249,Riparia riparia,B,riversLakes,9810,P
1266,EU27,A249,Riparia riparia,B,wetlands,9810,P
1300,EU27,A249,Riparia riparia,B,urban,9810,P
609,EU27,A188,Rissa tridactyla,B,sparselyVegetated,6020,P
610,EU27,A188,Rissa tridactyla,W,coastal,6020,P
1100,EU27,A188,Rissa tridactyla,W,shelf,6020,P
1267,EU27,A188,Rissa tridactyla,W,ocean,6020,P
611,EU27,A437,Saxicola dacotiae,B,heathlandShrub,11380,P
612,EU27,A275,Saxicola rubetra,B,wetlands,11370,P
1101,EU27,A275,Saxicola rubetra,B,grassland,11370,P
1268,EU27,A275,Saxicola rubetra,B,heathlandShrub,11370,P
613,EU27,A276,Saxicola torquatus,B,heathlandShrub,11390,P
614,EU27,A276,Saxicola torquatus,W,heathlandShrub,11390,P
1102,EU27,A276,Saxicola torquatus,B,sparselyVegetated,11390,P
1103,EU27,A276,Saxicola torquatus,W,sparselyVegetated,11390,P
1314,EU27,A276,Saxicola torquatus,B,grassland,11390,P
615,EU27,A155,Scolopax rusticola,B,woodlandForest,5290,P
616,EU27,A155,Scolopax rusticola,W,woodlandForest,5290,P
617,EU27,A450,Serinus canaria,B,sparselyVegetated,16420,P
618,EU27,A361,Serinus serinus,B,urban,16400,P
1104,EU27,A361,Serinus serinus,B,woodlandForest,16400,P
1315,EU27,A361,Serinus serinus,B,cropland,16400,P
619,EU27,A332,Sitta europaea,B,woodlandForest,14790,P
1324,EU27,A444,Sitta krueperi,B,woodlandForest,14690,P
620,EU27,A445,Sitta neumayer,B,sparselyVegetated,14810,P
621,EU27,A331,Sitta whiteheadi,B,woodlandForest,14700,P
622,EU27,A063,Somateria mollissima,B,sparselyVegetated,2060,P
623,EU27,A063,Somateria mollissima,W,shelf,2060,P
624,EU27,A174,Stercorarius longicaudus,B,heathlandShrub,5680,P
1105,EU27,A174,Stercorarius longicaudus,B,sparselyVegetated,5680,P
625,EU27,A173,Stercorarius parasiticus,B,sparselyVegetated,5670,P
626,EU27,A631-A,Sterna albifrons,B,riversLakes,6240,P
627,EU27,A631-B,Sterna albifrons,B,riversLakes,6240,P
1106,EU27,A631-A,Sterna albifrons,B,sparselyVegetated,6240,P
1107,EU27,A631-B,Sterna albifrons,B,sparselyVegetated,6240,P
628,EU27,A732,Sterna caspia,B,sparselyVegetated,6060,P
629,EU27,A732,Sterna caspia,W,coastal,6060,P
1108,EU27,A732,Sterna caspia,W,marineInlets,6060,P
630,EU27,A733,Sterna dougallii,B,sparselyVegetated,6140,P
631,EU27,A564,Sterna fuscata,B,sparselyVegetated,6230,P
632,EU27,A193,Sterna hirundo,B,riversLakes,6150,P
1109,EU27,A193,Sterna hirundo,B,wetlands,6150,P
1269,EU27,A193,Sterna hirundo,B,sparselyVegetated,6150,P
633,EU27,A731-A,Sterna nilotica,B,riversLakes,6050,P
634,EU27,A731-B,Sterna nilotica,B,riversLakes,6050,P
1110,EU27,A731-A,Sterna nilotica,B,wetlands,6050,P
1111,EU27,A731-B,Sterna nilotica,B,wetlands,6050,P
1270,EU27,A731-B,Sterna nilotica,B,sparselyVegetated,6050,P
635,EU27,A194,Sterna paradisaea,B,riversLakes,6160,P
1112,EU27,A194,Sterna paradisaea,B,sparselyVegetated,6160,P
636,EU27,A191,Sterna sandvicensis,B,sparselyVegetated,6110,P
637,EU27,A191,Sterna sandvicensis,W,coastal,6110,P
638,EU27,A209,Streptopelia decaocto,B,urban,6840,P
639,EU27,A766-X,Streptopelia senegalensis,B,urban,6900,P
640,EU27,A210,Streptopelia turtur,B,cropland,6870,P
1113,EU27,A210,Streptopelia turtur,B,woodlandForest,6870,P
641,EU27,A219,Strix aluco,B,woodlandForest,7610,P
642,EU27,A457,Strix nebulosa,B,woodlandForest,7660,P
643,EU27,A220,Strix uralensis,B,woodlandForest,7650,P
644,EU27,A353,Sturnus roseus,B,heathlandShrub,15840,P
1114,EU27,A353,Sturnus roseus,B,sparselyVegetated,15840,P
645,EU27,A352,Sturnus unicolor,B,urban,15830,P
1316,EU27,A352,Sturnus unicolor,B,cropland,15830,P
646,EU27,A351,Sturnus vulgaris,B,cropland,15820,P
647,EU27,A351,Sturnus vulgaris,W,cropland,15820,P
1115,EU27,A351,Sturnus vulgaris,B,urban,15820,P
1116,EU27,A351,Sturnus vulgaris,W,urban,15820,P
648,EU27,A456,Surnia ulula,B,woodlandForest,7500,P
649,EU27,A311,Sylvia atricapilla,B,woodlandForest,12770,P
650,EU27,A310,Sylvia borin,B,woodlandForest,12760,P
651,EU27,A770,Sylvia cantillans,B,heathlandShrub,12650,P
652,EU27,A648,Sylvia cantillans,B,heathlandShrub,12651,P
653,EU27,A647,Sylvia cantillans,B,heathlandShrub,12652,P
1117,EU27,A648,Sylvia cantillans,B,sparselyVegetated,12651,P
1118,EU27,A647,Sylvia cantillans,B,sparselyVegetated,12652,P
654,EU27,A309,Sylvia communis,B,grassland,12750,P
1119,EU27,A309,Sylvia communis,B,heathlandShrub,12750,P
655,EU27,A303,Sylvia conspicillata,B,heathlandShrub,12640,P
1120,EU27,A303,Sylvia conspicillata,B,grassland,12640,P
656,EU27,A308,Sylvia curruca,B,cropland,12740,P
1121,EU27,A308,Sylvia curruca,B,woodlandForest,12740,P
1271,EU27,A308,Sylvia curruca,B,heathlandShrub,12740,P
657,EU27,A306,Sylvia hortensis,B,cropland,12720,P
1122,EU27,A306,Sylvia hortensis,B,woodlandForest,12720,P
1272,EU27,A306,Sylvia hortensis,B,heathlandShrub,12720,P
1123,EU27,A305,Sylvia melanocephala,B,woodlandForest,12670,P
1273,EU27,A305,Sylvia melanocephala,B,heathlandShrub,12670,P
658,EU27,A468,Sylvia melanothorax,B,heathlandShrub,12680,P
1124,EU27,A468,Sylvia melanothorax,B,sparselyVegetated,12680,P
659,EU27,A307,Sylvia nisoria,B,grassland,12730,P
1125,EU27,A307,Sylvia nisoria,B,woodlandForest,12730,P
1274,EU27,A307,Sylvia nisoria,B,heathlandShrub,12730,P
1322,EU27,A440,Sylvia rueppelli,B,heathlandShrub,12690,P
1323,EU27,A440,Sylvia rueppelli,B,sparselyVegetated,12690,P
660,EU27,A301,Sylvia sarda,B,heathlandShrub,12610,P
1126,EU27,A301,Sylvia sarda,B,sparselyVegetated,12610,P
661,EU27,A769,Sylvia undata,B,heathlandShrub,12620,P
662,EU27,A646,Sylvia undata,B,heathlandShrub,12620,P
663,EU27,A645,Sylvia undata,B,heathlandShrub,12620,P
1127,EU27,A645,Sylvia undata,B,sparselyVegetated,12620,P
664,EU27,A558-X,Syrmaticus reevesii,B,woodlandForest,,P
665,EU27,A690,Tachybaptus ruficollis,B,riversLakes,70,P
666,EU27,A690,Tachybaptus ruficollis,W,riversLakes,70,P
1128,EU27,A690,Tachybaptus ruficollis,B,wetlands,70,P
1129,EU27,A690,Tachybaptus ruficollis,W,wetlands,70,P
667,EU27,A228,Tachymarptis melba,B,sparselyVegetated,7980,P
1130,EU27,A228,Tachymarptis melba,B,urban,7980,P
668,EU27,A397-A,Tadorna ferruginea,B,wetlands,1710,P
669,EU27,A397-B,Tadorna ferruginea,B,riversLakes,1710,P
670,EU27,A397-X,Tadorna ferruginea,B,riversLakes,,P
671,EU27,A397-B,Tadorna ferruginea,W,riversLakes,1710,P
672,EU27,A397-X,Tadorna ferruginea,W,riversLakes,1710,P
1131,EU27,A397-B,Tadorna ferruginea,B,urban,1710,P
1132,EU27,A397-B,Tadorna ferruginea,W,urban,1710,P
1275,EU27,A397-B,Tadorna ferruginea,B,wetlands,1710,P
1276,EU27,A397-B,Tadorna ferruginea,W,wetlands,1710,P
673,EU27,A048,Tadorna tadorna,B,riversLakes,1730,P
674,EU27,A048,Tadorna tadorna,W,marineInlets,1730,P
1133,EU27,A048,Tadorna tadorna,B,wetlands,1730,P
1277,EU27,A048,Tadorna tadorna,B,sparselyVegetated,1730,P
675,EU27,A534,Tarsiger cyanurus,B,woodlandForest,11130,P
676,EU27,A410,Tetrao tetrix,B,heathlandShrub,3320,P
677,EU27,A409,Tetrao tetrix,B,heathlandShrub,3320,P
1134,EU27,A409,Tetrao tetrix,B,sparselyVegetated,3320,P
1278,EU27,A409,Tetrao tetrix,B,woodlandForest,3320,P
678,EU27,A659,Tetrao urogallus,B,woodlandForest,3350,P
679,EU27,A661,Tetrao urogallus,B,woodlandForest,3350,P
680,EU27,A513,Tetrao urogallus,B,woodlandForest,3350,P
681,EU27,A725-A,Tetrax tetrax,B,cropland,4420,P
682,EU27,A725-B,Tetrax tetrax,B,grassland,4420,P
683,EU27,A725-A,Tetrax tetrax,W,grassland,4420,P
1135,EU27,A725-A,Tetrax tetrax,B,grassland,4420,P
1317,EU27,A725-B,Tetrax tetrax,B,cropland,4420,P
684,EU27,A758-X,Threskiornis aethiopicus,B,riversLakes,,P
1136,EU27,A758-X,Threskiornis aethiopicus,B,wetlands,,P
685,EU27,A333,Tichodroma muraria,B,sparselyVegetated,14820,P
686,EU27,A161,Tringa erythropus,B,wetlands,5450,P
687,EU27,A161,Tringa erythropus,W,marineInlets,5450,P
1137,EU27,A161,Tringa erythropus,W,sparselyVegetated,5450,P
688,EU27,A166,Tringa glareola,B,riversLakes,5540,P
1138,EU27,A166,Tringa glareola,B,wetlands,5540,P
689,EU27,A164,Tringa nebularia,B,riversLakes,5480,P
690,EU27,A164,Tringa nebularia,W,marineInlets,5480,P
1139,EU27,A164,Tringa nebularia,B,wetlands,5480,P
1140,EU27,A164,Tringa nebularia,W,sparselyVegetated,5480,P
691,EU27,A165,Tringa ochropus,B,woodlandForest,5530,P
692,EU27,A165,Tringa ochropus,W,riversLakes,5530,P
1141,EU27,A165,Tringa ochropus,W,wetlands,5530,P
693,EU27,A163,Tringa stagnatilis,B,wetlands,5470,P
694,EU27,A162,Tringa totanus,B,grassland,5460,P
695,EU27,A162,Tringa totanus,W,marineInlets,5460,P
1142,EU27,A162,Tringa totanus,B,sparselyVegetated,5460,P
1279,EU27,A162,Tringa totanus,B,wetlands,5460,P
696,EU27,A676,Troglodytes troglodytes,B,woodlandForest,10660,P
697,EU27,A434,Troglodytes troglodytes,B,woodlandForest,10660,P
1143,EU27,A286,Turdus iliacus,B,woodlandForest,12010,P
1144,EU27,A286,Turdus iliacus,W,woodlandForest,12010,P
698,EU27,A283,Turdus merula,B,urban,11870,P
1145,EU27,A283,Turdus merula,B,woodlandForest,11870,P
699,EU27,A285,Turdus philomelos,B,woodlandForest,12000,P
700,EU27,A285,Turdus philomelos,W,woodlandForest,12000,P
701,EU27,A284,Turdus pilaris,B,woodlandForest,11980,P
702,EU27,A282,Turdus torquatus,B,sparselyVegetated,11860,P
1146,EU27,A282,Turdus torquatus,B,woodlandForest,11860,P
703,EU27,A287,Turdus viscivorus,B,heathlandShrub,12020,P
1147,EU27,A287,Turdus viscivorus,B,sparselyVegetated,12020,P
1280,EU27,A287,Turdus viscivorus,B,woodlandForest,12020,P
704,EU27,A717,Turnix sylvaticus,B,heathlandShrub,4000,P
705,EU27,A213,Tyto alba,B,cropland,7350,P
1148,EU27,A213,Tyto alba,B,grassland,7350,P
1281,EU27,A213,Tyto alba,B,urban,7350,P
706,EU27,A232,Upupa epops,B,cropland,8460,P
707,EU27,A678,Uria aalge,B,sparselyVegetated,6340,P
708,EU27,A678,Uria aalge,W,shelf,6340,P
709,EU27,A662,Uria aalge,B,sparselyVegetated,6340,P
710,EU27,A662,Uria aalge,W,ocean,6340,P
711,EU27,A419,Uria aalge,B,sparselyVegetated,6340,P
1149,EU27,A662,Uria aalge albionis,W,shelf,6340,P
712,EU27,A728,Vanellus spinosus,B,sparselyVegetated,4870,P
713,EU27,A728,Vanellus spinosus,W,sparselyVegetated,4870,P
714,EU27,A142,Vanellus vanellus,B,cropland,4930,P
715,EU27,A142,Vanellus vanellus,W,cropland,4930,P
1150,EU27,A142,Vanellus vanellus,B,grassland,4930,P
1151,EU27,A142,Vanellus vanellus,W,grassland,4930,P
1282,EU27,A142,Vanellus vanellus,B,wetlands,4930,P
716,EU27,A167,Xenus cinereus,B,riversLakes,5550,P
1152,EU27,A167,Xenus cinereus,B,urban,5550,P
